USE school_portal;

INSERT INTO users (id, role, username, password_hash) VALUES
(1, 'admin', 'admin', '$2b$12$rV/kr5Zaakd0j97zZor8mOwryy22oGsDGTutBqF0zHCKVJqSGvCpK'),
(2, 'teacher', 'T001', '$2b$12$rV/kr5Zaakd0j97zZor8mOwryy22oGsDGTutBqF0zHCKVJqSGvCpK'),
(3, 'teacher', 'T002', '$2b$12$rV/kr5Zaakd0j97zZor8mOwryy22oGsDGTutBqF0zHCKVJqSGvCpK'),
(4, 'teacher', 'T003', '$2b$12$rV/kr5Zaakd0j97zZor8mOwryy22oGsDGTutBqF0zHCKVJqSGvCpK'),
(5, 'teacher', 'T004', '$2b$12$rV/kr5Zaakd0j97zZor8mOwryy22oGsDGTutBqF0zHCKVJqSGvCpK'),
(6, 'teacher', 'T005', '$2b$12$rV/kr5Zaakd0j97zZor8mOwryy22oGsDGTutBqF0zHCKVJqSGvCpK'),
(7, 'teacher', 'T006', '$2b$12$rV/kr5Zaakd0j97zZor8mOwryy22oGsDGTutBqF0zHCKVJqSGvCpK'),
(8, 'teacher', 'T007', '$2b$12$rV/kr5Zaakd0j97zZor8mOwryy22oGsDGTutBqF0zHCKVJqSGvCpK'),
(9, 'teacher', 'T008', '$2b$12$rV/kr5Zaakd0j97zZor8mOwryy22oGsDGTutBqF0zHCKVJqSGvCpK'),
(10, 'teacher', 'T009', '$2b$12$rV/kr5Zaakd0j97zZor8mOwryy22oGsDGTutBqF0zHCKVJqSGvCpK'),
(11, 'teacher', 'T010', '$2b$12$rV/kr5Zaakd0j97zZor8mOwryy22oGsDGTutBqF0zHCKVJqSGvCpK'),
(12, 'teacher', 'T011', '$2b$12$rV/kr5Zaakd0j97zZor8mOwryy22oGsDGTutBqF0zHCKVJqSGvCpK'),
(13, 'teacher', 'T012', '$2b$12$rV/kr5Zaakd0j97zZor8mOwryy22oGsDGTutBqF0zHCKVJqSGvCpK'),
(14, 'teacher', 'T013', '$2b$12$rV/kr5Zaakd0j97zZor8mOwryy22oGsDGTutBqF0zHCKVJqSGvCpK'),
(15, 'teacher', 'T014', '$2b$12$rV/kr5Zaakd0j97zZor8mOwryy22oGsDGTutBqF0zHCKVJqSGvCpK'),
(16, 'teacher', 'T015', '$2b$12$rV/kr5Zaakd0j97zZor8mOwryy22oGsDGTutBqF0zHCKVJqSGvCpK'),
(17, 'teacher', 'T016', '$2b$12$rV/kr5Zaakd0j97zZor8mOwryy22oGsDGTutBqF0zHCKVJqSGvCpK'),
(18, 'teacher', 'T017', '$2b$12$rV/kr5Zaakd0j97zZor8mOwryy22oGsDGTutBqF0zHCKVJqSGvCpK'),
(19, 'teacher', 'T018', '$2b$12$rV/kr5Zaakd0j97zZor8mOwryy22oGsDGTutBqF0zHCKVJqSGvCpK'),
(20, 'teacher', 'T019', '$2b$12$rV/kr5Zaakd0j97zZor8mOwryy22oGsDGTutBqF0zHCKVJqSGvCpK'),
(21, 'teacher', 'T020', '$2b$12$rV/kr5Zaakd0j97zZor8mOwryy22oGsDGTutBqF0zHCKVJqSGvCpK'),
(22, 'teacher', 'T021', '$2b$12$rV/kr5Zaakd0j97zZor8mOwryy22oGsDGTutBqF0zHCKVJqSGvCpK'),
(23, 'teacher', 'T022', '$2b$12$rV/kr5Zaakd0j97zZor8mOwryy22oGsDGTutBqF0zHCKVJqSGvCpK'),
(24, 'teacher', 'T023', '$2b$12$rV/kr5Zaakd0j97zZor8mOwryy22oGsDGTutBqF0zHCKVJqSGvCpK'),
(25, 'teacher', 'T024', '$2b$12$rV/kr5Zaakd0j97zZor8mOwryy22oGsDGTutBqF0zHCKVJqSGvCpK'),
(26, 'teacher', 'T025', '$2b$12$rV/kr5Zaakd0j97zZor8mOwryy22oGsDGTutBqF0zHCKVJqSGvCpK'),
(27, 'teacher', 'T026', '$2b$12$rV/kr5Zaakd0j97zZor8mOwryy22oGsDGTutBqF0zHCKVJqSGvCpK'),
(28, 'teacher', 'T027', '$2b$12$rV/kr5Zaakd0j97zZor8mOwryy22oGsDGTutBqF0zHCKVJqSGvCpK'),
(29, 'teacher', 'T028', '$2b$12$rV/kr5Zaakd0j97zZor8mOwryy22oGsDGTutBqF0zHCKVJqSGvCpK'),
(30, 'teacher', 'T029', '$2b$12$rV/kr5Zaakd0j97zZor8mOwryy22oGsDGTutBqF0zHCKVJqSGvCpK'),
(31, 'teacher', 'T030', '$2b$12$rV/kr5Zaakd0j97zZor8mOwryy22oGsDGTutBqF0zHCKVJqSGvCpK'),
(32, 'teacher', 'T031', '$2b$12$rV/kr5Zaakd0j97zZor8mOwryy22oGsDGTutBqF0zHCKVJqSGvCpK'),
(33, 'teacher', 'T032', '$2b$12$rV/kr5Zaakd0j97zZor8mOwryy22oGsDGTutBqF0zHCKVJqSGvCpK'),
(34, 'teacher', 'T033', '$2b$12$rV/kr5Zaakd0j97zZor8mOwryy22oGsDGTutBqF0zHCKVJqSGvCpK'),
(35, 'teacher', 'T034', '$2b$12$rV/kr5Zaakd0j97zZor8mOwryy22oGsDGTutBqF0zHCKVJqSGvCpK'),
(36, 'teacher', 'T035', '$2b$12$rV/kr5Zaakd0j97zZor8mOwryy22oGsDGTutBqF0zHCKVJqSGvCpK'),
(37, 'teacher', 'T036', '$2b$12$rV/kr5Zaakd0j97zZor8mOwryy22oGsDGTutBqF0zHCKVJqSGvCpK'),
(38, 'teacher', 'T037', '$2b$12$rV/kr5Zaakd0j97zZor8mOwryy22oGsDGTutBqF0zHCKVJqSGvCpK'),
(39, 'teacher', 'T038', '$2b$12$rV/kr5Zaakd0j97zZor8mOwryy22oGsDGTutBqF0zHCKVJqSGvCpK'),
(40, 'teacher', 'T039', '$2b$12$rV/kr5Zaakd0j97zZor8mOwryy22oGsDGTutBqF0zHCKVJqSGvCpK'),
(41, 'teacher', 'T040', '$2b$12$rV/kr5Zaakd0j97zZor8mOwryy22oGsDGTutBqF0zHCKVJqSGvCpK'),
(42, 'student', 'ADM0001', '$2b$12$Etdz9T3jc.1sLpQj6Pz5Q.Hj9SZ7mTGs9kCebXqkv3hJNU4Lk0yyC'),
(43, 'parent', 'P0001', '$2b$12$rV/kr5Zaakd0j97zZor8mOwryy22oGsDGTutBqF0zHCKVJqSGvCpK'),
(44, 'student', 'ADM0002', '$2b$12$Ft0RcXXjFODXJocyrYMK8.ZVvWe.pEByTo/maHjxInGBfX6729RSO'),
(45, 'parent', 'P0002', '$2b$12$rV/kr5Zaakd0j97zZor8mOwryy22oGsDGTutBqF0zHCKVJqSGvCpK'),
(46, 'student', 'ADM0003', '$2b$12$FZ/vH8ViePEK1XVBQffYB.6.N26Q0ArgQksUoIgqTOyinYJMosLuC'),
(47, 'parent', 'P0003', '$2b$12$rV/kr5Zaakd0j97zZor8mOwryy22oGsDGTutBqF0zHCKVJqSGvCpK'),
(48, 'student', 'ADM0004', '$2b$12$Cx4n4PX7G6nXSA641iBjneiDzZ4BA9V4x.bEGKdYcHqzu5igrRl6a'),
(49, 'parent', 'P0004', '$2b$12$rV/kr5Zaakd0j97zZor8mOwryy22oGsDGTutBqF0zHCKVJqSGvCpK'),
(50, 'student', 'ADM0005', '$2b$12$tYwsQ8iUUyzbMaIk0rsyuOHWUd1OBxTC83nUB5rqHxjWIJ/7Z3GSq'),
(51, 'parent', 'P0005', '$2b$12$rV/kr5Zaakd0j97zZor8mOwryy22oGsDGTutBqF0zHCKVJqSGvCpK'),
(52, 'student', 'ADM0006', '$2b$12$v4S4ELMu2fWnYBeXdsG39Oq4Hj6S48FAdycJLf50slp.CB9ijnEgu'),
(53, 'parent', 'P0006', '$2b$12$rV/kr5Zaakd0j97zZor8mOwryy22oGsDGTutBqF0zHCKVJqSGvCpK'),
(54, 'student', 'ADM0007', '$2b$12$dGYR5tqw4xNssTmAXe3u7uUsde1aD/G45dDmyKb6JcgdEf.unu7r.'),
(55, 'parent', 'P0007', '$2b$12$rV/kr5Zaakd0j97zZor8mOwryy22oGsDGTutBqF0zHCKVJqSGvCpK'),
(56, 'student', 'ADM0008', '$2b$12$td6PBXUgwOyCq1I8Uoh4x.oiwHDeHptSOn0D0a1q17dnsjqXLjRNm'),
(57, 'parent', 'P0008', '$2b$12$rV/kr5Zaakd0j97zZor8mOwryy22oGsDGTutBqF0zHCKVJqSGvCpK'),
(58, 'student', 'ADM0009', '$2b$12$Y9hsBdW3VzHHQH2E3PW7j.GTkx0UF3iw.ZqLS1ZFSGnkadQimN56m'),
(59, 'parent', 'P0009', '$2b$12$rV/kr5Zaakd0j97zZor8mOwryy22oGsDGTutBqF0zHCKVJqSGvCpK'),
(60, 'student', 'ADM0010', '$2b$12$wOXMwXqHOhJYVxafaiNbQul7ZS9QhpkS/F0dbOPXm8ve0XFS/oZ/2'),
(61, 'parent', 'P0010', '$2b$12$rV/kr5Zaakd0j97zZor8mOwryy22oGsDGTutBqF0zHCKVJqSGvCpK'),
(62, 'student', 'ADM0011', '$2b$12$qCX4qhTbjQM5ZaXwyCWXNOxs821mjjIBjHrclM7sylPa3KxbBCeMK'),
(63, 'parent', 'P0011', '$2b$12$rV/kr5Zaakd0j97zZor8mOwryy22oGsDGTutBqF0zHCKVJqSGvCpK'),
(64, 'student', 'ADM0012', '$2b$12$BvKIe8ifT1CBCRjNtIOy.OAaXB6MD6D.daje7.x5E6cCEqBXY8ZbK'),
(65, 'parent', 'P0012', '$2b$12$rV/kr5Zaakd0j97zZor8mOwryy22oGsDGTutBqF0zHCKVJqSGvCpK'),
(66, 'student', 'ADM0013', '$2b$12$ODgM3XEpIKrOILWvjuI/zuLgipA8cZxP1g9M0HA7aCbeVLokz1ZyG'),
(67, 'parent', 'P0013', '$2b$12$rV/kr5Zaakd0j97zZor8mOwryy22oGsDGTutBqF0zHCKVJqSGvCpK'),
(68, 'student', 'ADM0014', '$2b$12$wjGsyruQ8/4Y/DSEZfLtU.76ljVaeYqkXxMOmFc.A3ptXCInhRski'),
(69, 'parent', 'P0014', '$2b$12$rV/kr5Zaakd0j97zZor8mOwryy22oGsDGTutBqF0zHCKVJqSGvCpK'),
(70, 'student', 'ADM0015', '$2b$12$i7TMUIS5v9Zq34USKc9CCeDfwJChVkhE4OklJ8N5dK.4E2jLY8vo2'),
(71, 'parent', 'P0015', '$2b$12$rV/kr5Zaakd0j97zZor8mOwryy22oGsDGTutBqF0zHCKVJqSGvCpK'),
(72, 'student', 'ADM0016', '$2b$12$rRhFpTM3BYxuHh3cM7L8Cu9YyN.zY88efSeoZXb2ZYmuwWf5I/QRq'),
(73, 'parent', 'P0016', '$2b$12$rV/kr5Zaakd0j97zZor8mOwryy22oGsDGTutBqF0zHCKVJqSGvCpK'),
(74, 'student', 'ADM0017', '$2b$12$2v.qYcSA70Y22Vm8gpMDTuvw4Jr3h6Vx.s.sJU02t/UuUPkWVtKMy'),
(75, 'parent', 'P0017', '$2b$12$rV/kr5Zaakd0j97zZor8mOwryy22oGsDGTutBqF0zHCKVJqSGvCpK'),
(76, 'student', 'ADM0018', '$2b$12$Q3tJcHu3kn5fLhXGruOD8eZDbuPa5lT.FkS9puZtFP8889Vy8de56'),
(77, 'parent', 'P0018', '$2b$12$rV/kr5Zaakd0j97zZor8mOwryy22oGsDGTutBqF0zHCKVJqSGvCpK'),
(78, 'student', 'ADM0019', '$2b$12$.2TFxMNaZUvgcfL3g8HfQOSBfr2HJsOii4NXvCe4Qpg3Ul/fWGPQq'),
(79, 'parent', 'P0019', '$2b$12$rV/kr5Zaakd0j97zZor8mOwryy22oGsDGTutBqF0zHCKVJqSGvCpK'),
(80, 'student', 'ADM0020', '$2b$12$3fLNCYyO.eFxJW2OoawxweqkAonIY7IbsLWnifyuoRodFWVgX0JMa'),
(81, 'parent', 'P0020', '$2b$12$rV/kr5Zaakd0j97zZor8mOwryy22oGsDGTutBqF0zHCKVJqSGvCpK'),
(82, 'student', 'ADM0021', '$2b$12$mvkQPt0pN/.gKZRnufcwq..XZFQS6ezpNVAvEulyxvn9cZ8W8wfuW'),
(83, 'parent', 'P0021', '$2b$12$rV/kr5Zaakd0j97zZor8mOwryy22oGsDGTutBqF0zHCKVJqSGvCpK'),
(84, 'student', 'ADM0022', '$2b$12$Zq1AKvLZ4iRSr/7BUQXh/Orv1xWlla8LtMu6x51Vy8icLVPhiJlRe'),
(85, 'parent', 'P0022', '$2b$12$rV/kr5Zaakd0j97zZor8mOwryy22oGsDGTutBqF0zHCKVJqSGvCpK'),
(86, 'student', 'ADM0023', '$2b$12$uSwUVGxrK6ZEYnFdaZpGk.ei0oHxJljeOBqKmQeqoIuo/2rPJNpEa'),
(87, 'parent', 'P0023', '$2b$12$rV/kr5Zaakd0j97zZor8mOwryy22oGsDGTutBqF0zHCKVJqSGvCpK'),
(88, 'student', 'ADM0024', '$2b$12$BV/9gxSuivPfl3qIaYE/tO5tJc51bNdfQjRwKFjOdIe2hrCJ8gVkC'),
(89, 'parent', 'P0024', '$2b$12$rV/kr5Zaakd0j97zZor8mOwryy22oGsDGTutBqF0zHCKVJqSGvCpK'),
(90, 'student', 'ADM0025', '$2b$12$a..Z1BaQJoquRpf0xB4WYezzWpt/wYubu9sn0Xq/S8bScoMFOQ7Ne'),
(91, 'parent', 'P0025', '$2b$12$rV/kr5Zaakd0j97zZor8mOwryy22oGsDGTutBqF0zHCKVJqSGvCpK'),
(92, 'student', 'ADM0026', '$2b$12$yGgsuSzVJfTevmeCeuD1g.sV5S.d0zucsjdgf7tTPM0ud1s/fWcWK'),
(93, 'parent', 'P0026', '$2b$12$rV/kr5Zaakd0j97zZor8mOwryy22oGsDGTutBqF0zHCKVJqSGvCpK'),
(94, 'student', 'ADM0027', '$2b$12$Ns15zkgguOD7PSm0ZDAOLugjdQY7mJWQcTEewh6itmpzpQ8rgQ4qS'),
(95, 'parent', 'P0027', '$2b$12$rV/kr5Zaakd0j97zZor8mOwryy22oGsDGTutBqF0zHCKVJqSGvCpK'),
(96, 'student', 'ADM0028', '$2b$12$W6hUUHK0m/NWezVWLBq.cOGIOj9JAJrP2l.0gmgAlxPjygd/vRg1q'),
(97, 'parent', 'P0028', '$2b$12$rV/kr5Zaakd0j97zZor8mOwryy22oGsDGTutBqF0zHCKVJqSGvCpK'),
(98, 'student', 'ADM0029', '$2b$12$zNtrcYjHHAACyqbtR8JKBeaPLqFNe4oQtp98OG1SPzuvckG7K1El6'),
(99, 'parent', 'P0029', '$2b$12$rV/kr5Zaakd0j97zZor8mOwryy22oGsDGTutBqF0zHCKVJqSGvCpK'),
(100, 'student', 'ADM0030', '$2b$12$.RY3FqsmkH6CP50A05Ijv.Ut4qtTw61c.40gSG9Jjq/JGE5tFctKm'),
(101, 'parent', 'P0030', '$2b$12$rV/kr5Zaakd0j97zZor8mOwryy22oGsDGTutBqF0zHCKVJqSGvCpK'),
(102, 'student', 'ADM0031', '$2b$12$wsXEvjKQkImHpXjQUbOC3.uAeZhNZvYLBD.XuJyTil7WALpx6CsGq'),
(103, 'parent', 'P0031', '$2b$12$rV/kr5Zaakd0j97zZor8mOwryy22oGsDGTutBqF0zHCKVJqSGvCpK'),
(104, 'student', 'ADM0032', '$2b$12$FpXT0shGJhspeGO5IJeF8eyUTo5LvS7KYWBYOFkPLc.9pL6pBZvfK'),
(105, 'parent', 'P0032', '$2b$12$rV/kr5Zaakd0j97zZor8mOwryy22oGsDGTutBqF0zHCKVJqSGvCpK'),
(106, 'student', 'ADM0033', '$2b$12$C0RJhP87EMplgJM7vgdkJeGjcZKDIXAvUAaWorM6kMlEpvQgHTRG6'),
(107, 'parent', 'P0033', '$2b$12$rV/kr5Zaakd0j97zZor8mOwryy22oGsDGTutBqF0zHCKVJqSGvCpK'),
(108, 'student', 'ADM0034', '$2b$12$OavFycJik1FlTfHmSVrWqeS5Dgvh93QIIOGqm4aJg1z4U0GtWJJ8S'),
(109, 'parent', 'P0034', '$2b$12$rV/kr5Zaakd0j97zZor8mOwryy22oGsDGTutBqF0zHCKVJqSGvCpK'),
(110, 'student', 'ADM0035', '$2b$12$7jGQyoMb5fGqGIwy4Fb.eOvt1MtQVkar/6D549OOnoUsaKEUDyUhS'),
(111, 'parent', 'P0035', '$2b$12$rV/kr5Zaakd0j97zZor8mOwryy22oGsDGTutBqF0zHCKVJqSGvCpK'),
(112, 'student', 'ADM0036', '$2b$12$CDcuprx1A0JtHVKhsbjFhuzXO/CvE7jRghgf5miUaubrqDi3gWipC'),
(113, 'parent', 'P0036', '$2b$12$rV/kr5Zaakd0j97zZor8mOwryy22oGsDGTutBqF0zHCKVJqSGvCpK'),
(114, 'student', 'ADM0037', '$2b$12$ZZPjUBDJdp7Rr.15fK5D6.PU8AYpPm//pwAfThYdq6RoLF6.RDudm'),
(115, 'parent', 'P0037', '$2b$12$rV/kr5Zaakd0j97zZor8mOwryy22oGsDGTutBqF0zHCKVJqSGvCpK'),
(116, 'student', 'ADM0038', '$2b$12$BmwH2wYkXxz6kVWZTY.4s.etlhqgn2wZDwvuJ4av28wfcWbPVWgEK'),
(117, 'parent', 'P0038', '$2b$12$rV/kr5Zaakd0j97zZor8mOwryy22oGsDGTutBqF0zHCKVJqSGvCpK'),
(118, 'student', 'ADM0039', '$2b$12$hCdpLrYvhi0n5SpmeiIKb.tkbc/LvVfg5O3A6utX.ZCa8304.NuA.'),
(119, 'parent', 'P0039', '$2b$12$rV/kr5Zaakd0j97zZor8mOwryy22oGsDGTutBqF0zHCKVJqSGvCpK'),
(120, 'student', 'ADM0040', '$2b$12$f/01BTy46Br4h2d2ADVBAeTjklRo8GIAVT6aNGDVhvmQ3HnbqUNI6'),
(121, 'parent', 'P0040', '$2b$12$rV/kr5Zaakd0j97zZor8mOwryy22oGsDGTutBqF0zHCKVJqSGvCpK'),
(122, 'student', 'ADM0041', '$2b$12$ylb5zVrDy/nyu2dulh4ezelmGoZfdxxYh1030UCMp7mjHjQzEd9Ju'),
(123, 'parent', 'P0041', '$2b$12$rV/kr5Zaakd0j97zZor8mOwryy22oGsDGTutBqF0zHCKVJqSGvCpK'),
(124, 'student', 'ADM0042', '$2b$12$4Pq9LVqG9OYJJUpdiLA/Ie3E7dioBuE4buqlSssd9Rf7OVr/Nl7eW'),
(125, 'parent', 'P0042', '$2b$12$rV/kr5Zaakd0j97zZor8mOwryy22oGsDGTutBqF0zHCKVJqSGvCpK'),
(126, 'student', 'ADM0043', '$2b$12$rd4uJUG9vDvZdYQv7M46QeMe2ag3H25yufyuTMiYqjomVk5sD//f6'),
(127, 'parent', 'P0043', '$2b$12$rV/kr5Zaakd0j97zZor8mOwryy22oGsDGTutBqF0zHCKVJqSGvCpK'),
(128, 'student', 'ADM0044', '$2b$12$cGcy4uj8bk3z4q5i/TVYYu6EXMQmpzMhwHLR7LzWerqiD2W5bq0Am'),
(129, 'parent', 'P0044', '$2b$12$rV/kr5Zaakd0j97zZor8mOwryy22oGsDGTutBqF0zHCKVJqSGvCpK'),
(130, 'student', 'ADM0045', '$2b$12$mG6p5yzo2sPMe2H4bejV2O40Cpr0ViZIgn7obc99/iE30/ZwfojmO'),
(131, 'parent', 'P0045', '$2b$12$rV/kr5Zaakd0j97zZor8mOwryy22oGsDGTutBqF0zHCKVJqSGvCpK'),
(132, 'student', 'ADM0046', '$2b$12$/x3fhpflTc9LNt8aEKcmA.zeuzWfHYsl8iVtoeH2AXWLajwU.LcFq'),
(133, 'parent', 'P0046', '$2b$12$rV/kr5Zaakd0j97zZor8mOwryy22oGsDGTutBqF0zHCKVJqSGvCpK'),
(134, 'student', 'ADM0047', '$2b$12$hOS18OKNINry2T/AEDJi8ujmnKUeOlZ9TBUFbeGKVmuLKq3QwF6Fe'),
(135, 'parent', 'P0047', '$2b$12$rV/kr5Zaakd0j97zZor8mOwryy22oGsDGTutBqF0zHCKVJqSGvCpK'),
(136, 'student', 'ADM0048', '$2b$12$/4pWOiP4qgM5lF/94nxKROZpTmN9WOvXwyK0dF0I6yL9u3C4mNlLO'),
(137, 'parent', 'P0048', '$2b$12$rV/kr5Zaakd0j97zZor8mOwryy22oGsDGTutBqF0zHCKVJqSGvCpK'),
(138, 'student', 'ADM0049', '$2b$12$FyVrB1UVteYRMeXiz4wLaOW6vLDR1.XE3VZF24Y4E42uBHl7B9XX2'),
(139, 'parent', 'P0049', '$2b$12$rV/kr5Zaakd0j97zZor8mOwryy22oGsDGTutBqF0zHCKVJqSGvCpK'),
(140, 'student', 'ADM0050', '$2b$12$CwPyslGFBlNreAkhdW81Qe49EX/LpQlRvfki87zJpRLHXmlIRPV/m'),
(141, 'parent', 'P0050', '$2b$12$rV/kr5Zaakd0j97zZor8mOwryy22oGsDGTutBqF0zHCKVJqSGvCpK'),
(142, 'student', 'ADM0051', '$2b$12$hZG/ai1SHd8sIe2hgRqjt.G0t6KLzFukZNylteN9QznGuf.IjnO26'),
(143, 'parent', 'P0051', '$2b$12$rV/kr5Zaakd0j97zZor8mOwryy22oGsDGTutBqF0zHCKVJqSGvCpK'),
(144, 'student', 'ADM0052', '$2b$12$dL8ephnxbTPoswv0af6Cp.0vjMzFLA4FSk5rHSDZMpOOQbBvXHS8i'),
(145, 'parent', 'P0052', '$2b$12$rV/kr5Zaakd0j97zZor8mOwryy22oGsDGTutBqF0zHCKVJqSGvCpK'),
(146, 'student', 'ADM0053', '$2b$12$PTdkHJBIScULaBXWPRPEaeeCM71IT.2iQ2Gk8A6ipIhGaGQGNL.6K'),
(147, 'parent', 'P0053', '$2b$12$rV/kr5Zaakd0j97zZor8mOwryy22oGsDGTutBqF0zHCKVJqSGvCpK'),
(148, 'student', 'ADM0054', '$2b$12$dT2roalwd4EJrG.Uf5940e9lhhEa11B7dUpghmDFB3TWn/wPs/4rW'),
(149, 'parent', 'P0054', '$2b$12$rV/kr5Zaakd0j97zZor8mOwryy22oGsDGTutBqF0zHCKVJqSGvCpK'),
(150, 'student', 'ADM0055', '$2b$12$8NGs5OBCik8TVIfocFxSzuqdhtU/AJHXGde9XueSxhEKqUl5eo2o6'),
(151, 'parent', 'P0055', '$2b$12$rV/kr5Zaakd0j97zZor8mOwryy22oGsDGTutBqF0zHCKVJqSGvCpK'),
(152, 'student', 'ADM0056', '$2b$12$3bLi.NWtx6.lOt6.Y5AXkeQ3NTLZk5IZVzDX4bkzGenQo3VUMiieW'),
(153, 'parent', 'P0056', '$2b$12$rV/kr5Zaakd0j97zZor8mOwryy22oGsDGTutBqF0zHCKVJqSGvCpK'),
(154, 'student', 'ADM0057', '$2b$12$YB7S.V34G3WUlsoTP8K70efk1DnWrvyut.QuPl/0Q7LpkpupgIAea'),
(155, 'parent', 'P0057', '$2b$12$rV/kr5Zaakd0j97zZor8mOwryy22oGsDGTutBqF0zHCKVJqSGvCpK'),
(156, 'student', 'ADM0058', '$2b$12$SSGpjh.T6NQG27DlPShKMeSBT8QgPq.nptQqdwLQwMk61YYg6tJoO'),
(157, 'parent', 'P0058', '$2b$12$rV/kr5Zaakd0j97zZor8mOwryy22oGsDGTutBqF0zHCKVJqSGvCpK'),
(158, 'student', 'ADM0059', '$2b$12$rkAQjEMi1pCqT3zz5nvvjewVEtnpWlpK8avJPHV.DBwi9S9W2bK6e'),
(159, 'parent', 'P0059', '$2b$12$rV/kr5Zaakd0j97zZor8mOwryy22oGsDGTutBqF0zHCKVJqSGvCpK'),
(160, 'student', 'ADM0060', '$2b$12$qtkClrZvCJJtCJtV5wrFRuIzPOFUI31.B8qHIVxd2jhd7uFaZzTQm'),
(161, 'parent', 'P0060', '$2b$12$rV/kr5Zaakd0j97zZor8mOwryy22oGsDGTutBqF0zHCKVJqSGvCpK'),
(162, 'student', 'ADM0061', '$2b$12$v.0HemPR0wLxPUFwV6TymeMujdVWcfM6vYi5k6wnaqJpjeziYL.Ea'),
(163, 'parent', 'P0061', '$2b$12$rV/kr5Zaakd0j97zZor8mOwryy22oGsDGTutBqF0zHCKVJqSGvCpK'),
(164, 'student', 'ADM0062', '$2b$12$S1aDKNxHYgipW60jeZsM4.5IWbA1iQP/HA1vWj7YKK/m9BBipzDsC'),
(165, 'parent', 'P0062', '$2b$12$rV/kr5Zaakd0j97zZor8mOwryy22oGsDGTutBqF0zHCKVJqSGvCpK'),
(166, 'student', 'ADM0063', '$2b$12$DLE4QCsy642Qr9RjuTx5dePF6GTH6V5bxgrDXjYD5KdjLtYHyhpV.'),
(167, 'parent', 'P0063', '$2b$12$rV/kr5Zaakd0j97zZor8mOwryy22oGsDGTutBqF0zHCKVJqSGvCpK'),
(168, 'student', 'ADM0064', '$2b$12$ZkwFpDqxEWva/0Lt1VcDwOZsAvcwz5Bor7sJNgC1ToQnAMqokCLR.'),
(169, 'parent', 'P0064', '$2b$12$rV/kr5Zaakd0j97zZor8mOwryy22oGsDGTutBqF0zHCKVJqSGvCpK'),
(170, 'student', 'ADM0065', '$2b$12$CTSM9VT/WvppUGw7kHz/su2bc/soY5i1NcxmuL.tgTwU7pYmzbRgm'),
(171, 'parent', 'P0065', '$2b$12$rV/kr5Zaakd0j97zZor8mOwryy22oGsDGTutBqF0zHCKVJqSGvCpK'),
(172, 'student', 'ADM0066', '$2b$12$LmyUSLKSAWayuR453t.8POSzIK9RUWJDoeLHFuj4EiZcMcW12NEWK'),
(173, 'parent', 'P0066', '$2b$12$rV/kr5Zaakd0j97zZor8mOwryy22oGsDGTutBqF0zHCKVJqSGvCpK'),
(174, 'student', 'ADM0067', '$2b$12$q.5g6jJs07RkpgoPYMRb/uTztlXpYGlP1an3IfGkClXHM.L7tZQ8i'),
(175, 'parent', 'P0067', '$2b$12$rV/kr5Zaakd0j97zZor8mOwryy22oGsDGTutBqF0zHCKVJqSGvCpK'),
(176, 'student', 'ADM0068', '$2b$12$jOs1wZyrQmmOpJcH1gr9cuJAAF7ORGiZ1K8Jt57mwVbpwR3MAISLi'),
(177, 'parent', 'P0068', '$2b$12$rV/kr5Zaakd0j97zZor8mOwryy22oGsDGTutBqF0zHCKVJqSGvCpK'),
(178, 'student', 'ADM0069', '$2b$12$riumGo5Sffkr5mBpwsab0.46L7Xc3VbkTCHHt6KkFO6w7G4tbFFWi'),
(179, 'parent', 'P0069', '$2b$12$rV/kr5Zaakd0j97zZor8mOwryy22oGsDGTutBqF0zHCKVJqSGvCpK'),
(180, 'student', 'ADM0070', '$2b$12$V04gZBwVQD4ol.ltnuY/CuydhYZavfxAnIbXQfDGg.X2yQYm6j4k.'),
(181, 'parent', 'P0070', '$2b$12$rV/kr5Zaakd0j97zZor8mOwryy22oGsDGTutBqF0zHCKVJqSGvCpK'),
(182, 'student', 'ADM0071', '$2b$12$CXRxJ/2ej100J3c4L31g6e/Ub865LovOa6doqJnpIUwPo5UKI9p3u'),
(183, 'parent', 'P0071', '$2b$12$rV/kr5Zaakd0j97zZor8mOwryy22oGsDGTutBqF0zHCKVJqSGvCpK'),
(184, 'student', 'ADM0072', '$2b$12$TRMz4wmnf1V2MdsUAqHtduXIh9srHuXamsIUI1LwVpF/jUmZmb2kW'),
(185, 'parent', 'P0072', '$2b$12$rV/kr5Zaakd0j97zZor8mOwryy22oGsDGTutBqF0zHCKVJqSGvCpK'),
(186, 'student', 'ADM0073', '$2b$12$1x22QmNpqZm0PcfWPnu6eunWDuKHGFGaoVT/gptk2uvr5l8FO5fI6'),
(187, 'parent', 'P0073', '$2b$12$rV/kr5Zaakd0j97zZor8mOwryy22oGsDGTutBqF0zHCKVJqSGvCpK'),
(188, 'student', 'ADM0074', '$2b$12$aGcKMxrj4u7WI4ECksnr3uUgF/Ey9/0MSTyl1l5JqfHIeQbIOj2vK'),
(189, 'parent', 'P0074', '$2b$12$rV/kr5Zaakd0j97zZor8mOwryy22oGsDGTutBqF0zHCKVJqSGvCpK'),
(190, 'student', 'ADM0075', '$2b$12$YdDtV7JPte4UtZr.u3htsuo3UdNK2Sxg1xK6h6ozlzqz4/Ye9AwJO'),
(191, 'parent', 'P0075', '$2b$12$rV/kr5Zaakd0j97zZor8mOwryy22oGsDGTutBqF0zHCKVJqSGvCpK'),
(192, 'student', 'ADM0076', '$2b$12$SLVhuMpGonVh/OHnR.xP8O6UbuAkhbZjK/G6StWwYAadTIOgiFsOu'),
(193, 'parent', 'P0076', '$2b$12$rV/kr5Zaakd0j97zZor8mOwryy22oGsDGTutBqF0zHCKVJqSGvCpK'),
(194, 'student', 'ADM0077', '$2b$12$b3dNjaXfb7bC.bHqnCAjHekKKahFzsnugKZIq01zXv9rZUxryLaa2'),
(195, 'parent', 'P0077', '$2b$12$rV/kr5Zaakd0j97zZor8mOwryy22oGsDGTutBqF0zHCKVJqSGvCpK'),
(196, 'student', 'ADM0078', '$2b$12$IMVYQSMeq1J/m7Z3fnK0puib.QOs4TAWgEY1OtUf9Wo2C21iwSiNy'),
(197, 'parent', 'P0078', '$2b$12$rV/kr5Zaakd0j97zZor8mOwryy22oGsDGTutBqF0zHCKVJqSGvCpK'),
(198, 'student', 'ADM0079', '$2b$12$5E3XTqakQRpndBv19uBM2eUFGJTqbUp.ocZBt9EUm50jj1WG.rmwm'),
(199, 'parent', 'P0079', '$2b$12$rV/kr5Zaakd0j97zZor8mOwryy22oGsDGTutBqF0zHCKVJqSGvCpK'),
(200, 'student', 'ADM0080', '$2b$12$Ji10KVzT8E7NlhBbJHYbPeRqSXY6dboFn5/R1LqI8XLgnZqoc2PQS'),
(201, 'parent', 'P0080', '$2b$12$rV/kr5Zaakd0j97zZor8mOwryy22oGsDGTutBqF0zHCKVJqSGvCpK'),
(202, 'student', 'ADM0081', '$2b$12$x5ARypEv./JRHmYfMMAC7.TFB54xKKOW9ov5KN2aLBpRkKd4CinEK'),
(203, 'parent', 'P0081', '$2b$12$rV/kr5Zaakd0j97zZor8mOwryy22oGsDGTutBqF0zHCKVJqSGvCpK'),
(204, 'student', 'ADM0082', '$2b$12$Q4cmt0veYuH426OP/qXK4ui4wiDA38h47PkiW3SgkpADeNx6BNkpe'),
(205, 'parent', 'P0082', '$2b$12$rV/kr5Zaakd0j97zZor8mOwryy22oGsDGTutBqF0zHCKVJqSGvCpK'),
(206, 'student', 'ADM0083', '$2b$12$N.SvAAtIN6jJtAe7dtG8L.Dh48lMlieY5y/4Hz46/h8lfOMY1sCk.'),
(207, 'parent', 'P0083', '$2b$12$rV/kr5Zaakd0j97zZor8mOwryy22oGsDGTutBqF0zHCKVJqSGvCpK'),
(208, 'student', 'ADM0084', '$2b$12$7w6s5gGAcopCjJ2d8B4wXOBBuMjbzSaun3t.EIWADF.upED8bfUDe'),
(209, 'parent', 'P0084', '$2b$12$rV/kr5Zaakd0j97zZor8mOwryy22oGsDGTutBqF0zHCKVJqSGvCpK'),
(210, 'student', 'ADM0085', '$2b$12$8E5PgzCHUW50kIR8p/Rlb.cDtqhDU8LncvgL6z03yNLM7YFdETzp2'),
(211, 'parent', 'P0085', '$2b$12$rV/kr5Zaakd0j97zZor8mOwryy22oGsDGTutBqF0zHCKVJqSGvCpK'),
(212, 'student', 'ADM0086', '$2b$12$V8DIN4hvHC2efwe2m7UfM.qMFJZwQyELEOZtsgjCz9CiBTNtykH3.'),
(213, 'parent', 'P0086', '$2b$12$rV/kr5Zaakd0j97zZor8mOwryy22oGsDGTutBqF0zHCKVJqSGvCpK'),
(214, 'student', 'ADM0087', '$2b$12$ec6XlawOZ8cSPMnDRVrTF.M7BuuvtFwpCATWi27U7iOjAKCnbf7Fi'),
(215, 'parent', 'P0087', '$2b$12$rV/kr5Zaakd0j97zZor8mOwryy22oGsDGTutBqF0zHCKVJqSGvCpK'),
(216, 'student', 'ADM0088', '$2b$12$rbnqtsgz2l4BbWnaj6lnL.Xtt2X8fucyzcoOIv9JNun3ifXydkNVu'),
(217, 'parent', 'P0088', '$2b$12$rV/kr5Zaakd0j97zZor8mOwryy22oGsDGTutBqF0zHCKVJqSGvCpK'),
(218, 'student', 'ADM0089', '$2b$12$6q/l5qx6AP4SiyvSYan8X.LZTPWN8pN0GjGcazv14OEWnjg/O6SKm'),
(219, 'parent', 'P0089', '$2b$12$rV/kr5Zaakd0j97zZor8mOwryy22oGsDGTutBqF0zHCKVJqSGvCpK'),
(220, 'student', 'ADM0090', '$2b$12$/UpkE6dfX96yrpZyoj06XO0SRMSE81ZM34GEs0mTFUiJjb7HzDjfu'),
(221, 'parent', 'P0090', '$2b$12$rV/kr5Zaakd0j97zZor8mOwryy22oGsDGTutBqF0zHCKVJqSGvCpK'),
(222, 'student', 'ADM0091', '$2b$12$FI6xleTZI0KJ551eYzEURumwRM3OZZDsvLF8OkoNbVWcJIBI6iNCy'),
(223, 'parent', 'P0091', '$2b$12$rV/kr5Zaakd0j97zZor8mOwryy22oGsDGTutBqF0zHCKVJqSGvCpK'),
(224, 'student', 'ADM0092', '$2b$12$VySPkg4XtrNuWpB4rAANLeaNO73.B6PzFXbj6D7anI20nBlS9zJd6'),
(225, 'parent', 'P0092', '$2b$12$rV/kr5Zaakd0j97zZor8mOwryy22oGsDGTutBqF0zHCKVJqSGvCpK'),
(226, 'student', 'ADM0093', '$2b$12$FLSyGOxEKqiyGdnuPe0PmuFbmxeEPyK3guYTwWeadUCwv1Jm5iqDW'),
(227, 'parent', 'P0093', '$2b$12$rV/kr5Zaakd0j97zZor8mOwryy22oGsDGTutBqF0zHCKVJqSGvCpK'),
(228, 'student', 'ADM0094', '$2b$12$7xOKz91nXs7Be06hsoLMnuDYU.QujLHi1AIXnWjrQiHdsoK7HLNma'),
(229, 'parent', 'P0094', '$2b$12$rV/kr5Zaakd0j97zZor8mOwryy22oGsDGTutBqF0zHCKVJqSGvCpK'),
(230, 'student', 'ADM0095', '$2b$12$gzffUWrLwhG.FIdKUVbQkOueL5/RxpxNMEMT70gScBQ7xF4sEGheK'),
(231, 'parent', 'P0095', '$2b$12$rV/kr5Zaakd0j97zZor8mOwryy22oGsDGTutBqF0zHCKVJqSGvCpK'),
(232, 'student', 'ADM0096', '$2b$12$1cQRkr9aQaFfTtlz3eNkBuEJWrqG4BoyC7qRjwCZA5RZj3ZNIH16y'),
(233, 'parent', 'P0096', '$2b$12$rV/kr5Zaakd0j97zZor8mOwryy22oGsDGTutBqF0zHCKVJqSGvCpK'),
(234, 'student', 'ADM0097', '$2b$12$oCOj7c0kwaYNfnhTOPbRtuLGgJdtMn/AN0JFUL405EZtmgjplLOKC'),
(235, 'parent', 'P0097', '$2b$12$rV/kr5Zaakd0j97zZor8mOwryy22oGsDGTutBqF0zHCKVJqSGvCpK'),
(236, 'student', 'ADM0098', '$2b$12$BEOjpg.8GAxrp8oLbYFtWOcesDl.K2iIMilN./Vq51oUOR/bRgwOS'),
(237, 'parent', 'P0098', '$2b$12$rV/kr5Zaakd0j97zZor8mOwryy22oGsDGTutBqF0zHCKVJqSGvCpK'),
(238, 'student', 'ADM0099', '$2b$12$V8ceETXgLQ01i3oQ3TfKG.cMMR.sswYfeYTAaiDvNfFBAIepebZ9W'),
(239, 'parent', 'P0099', '$2b$12$rV/kr5Zaakd0j97zZor8mOwryy22oGsDGTutBqF0zHCKVJqSGvCpK'),
(240, 'student', 'ADM0100', '$2b$12$Js7UPcaU0jksTIpgIoI.suqToR3kp4MIvGCJ2yRLJ6frI/iA0lHyK'),
(241, 'parent', 'P0100', '$2b$12$rV/kr5Zaakd0j97zZor8mOwryy22oGsDGTutBqF0zHCKVJqSGvCpK'),
(242, 'student', 'ADM0101', '$2b$12$0J5.4cucO3gqXmW3Xney/.RWtJgHkUegVASOirOsmzuzqiYhigmba'),
(243, 'parent', 'P0101', '$2b$12$rV/kr5Zaakd0j97zZor8mOwryy22oGsDGTutBqF0zHCKVJqSGvCpK'),
(244, 'student', 'ADM0102', '$2b$12$N62MP1XXa8P27FKOt/zG6OqP2xjq0PtN1Etf6QhEvzjQkXxMg5VZK'),
(245, 'parent', 'P0102', '$2b$12$rV/kr5Zaakd0j97zZor8mOwryy22oGsDGTutBqF0zHCKVJqSGvCpK'),
(246, 'student', 'ADM0103', '$2b$12$jm.sik4P58nnSixuUV8xfuuiXDlzmZmmTYKJNFYp22uPhXLiWqqCK'),
(247, 'parent', 'P0103', '$2b$12$rV/kr5Zaakd0j97zZor8mOwryy22oGsDGTutBqF0zHCKVJqSGvCpK'),
(248, 'student', 'ADM0104', '$2b$12$YZFmYfo78whJdLy2XmNto.UbGA3XmqA3LY.t3op5qC6fgSlUj9/Va'),
(249, 'parent', 'P0104', '$2b$12$rV/kr5Zaakd0j97zZor8mOwryy22oGsDGTutBqF0zHCKVJqSGvCpK'),
(250, 'student', 'ADM0105', '$2b$12$9ZlOBzjbVgt8TpXl9FLp..bpWjaY.bn1S88uupxYzkpNqGJIRlEKW'),
(251, 'parent', 'P0105', '$2b$12$rV/kr5Zaakd0j97zZor8mOwryy22oGsDGTutBqF0zHCKVJqSGvCpK'),
(252, 'student', 'ADM0106', '$2b$12$zSaYfXtEXv7gI9sk309TSuX8SYGRtyXwOuK1xYDVsNjb58.hM/gvC'),
(253, 'parent', 'P0106', '$2b$12$rV/kr5Zaakd0j97zZor8mOwryy22oGsDGTutBqF0zHCKVJqSGvCpK'),
(254, 'student', 'ADM0107', '$2b$12$.3QRgLnb4OyApWih3558Eu2l2w81bm2u89aw/XisXtYXxq/MusfcW'),
(255, 'parent', 'P0107', '$2b$12$rV/kr5Zaakd0j97zZor8mOwryy22oGsDGTutBqF0zHCKVJqSGvCpK'),
(256, 'student', 'ADM0108', '$2b$12$xcZjhseLETZHZIeAHAopAeqepndM2FbefopA6AHYAQ3PwAyv5lzay'),
(257, 'parent', 'P0108', '$2b$12$rV/kr5Zaakd0j97zZor8mOwryy22oGsDGTutBqF0zHCKVJqSGvCpK'),
(258, 'student', 'ADM0109', '$2b$12$5So6JxCN65Vxi.WG2fcHweIEJAiqmYByLktAzLasrCTn7sQ6VHuZC'),
(259, 'parent', 'P0109', '$2b$12$rV/kr5Zaakd0j97zZor8mOwryy22oGsDGTutBqF0zHCKVJqSGvCpK'),
(260, 'student', 'ADM0110', '$2b$12$yQXXHVhS75X4Edf9FchV5.pJQKYGKhQqvKr9dIfsVXxYEbc8BQHYm'),
(261, 'parent', 'P0110', '$2b$12$rV/kr5Zaakd0j97zZor8mOwryy22oGsDGTutBqF0zHCKVJqSGvCpK'),
(262, 'student', 'ADM0111', '$2b$12$hRzK/PWEycMvX0FZJnM3fusSIpcRrx1wSMmjxgHWh8Ag6X4Ywt8FS'),
(263, 'parent', 'P0111', '$2b$12$rV/kr5Zaakd0j97zZor8mOwryy22oGsDGTutBqF0zHCKVJqSGvCpK'),
(264, 'student', 'ADM0112', '$2b$12$IkhyGD9hvz5ejP1KF0UZb.w3kQdLMrjvgQc/EbQT85UkSmIMcvn8K'),
(265, 'parent', 'P0112', '$2b$12$rV/kr5Zaakd0j97zZor8mOwryy22oGsDGTutBqF0zHCKVJqSGvCpK'),
(266, 'student', 'ADM0113', '$2b$12$HKkMzgpezAU2yUUTfG5LoOAkBMvSAhCY59eqMO4/wXKYo8spio8se'),
(267, 'parent', 'P0113', '$2b$12$rV/kr5Zaakd0j97zZor8mOwryy22oGsDGTutBqF0zHCKVJqSGvCpK'),
(268, 'student', 'ADM0114', '$2b$12$LLjg/FRI4j1.Uvp2P9HbDeWbzOc1ScxVenr9nto1TrpjHCRbmXz9a'),
(269, 'parent', 'P0114', '$2b$12$rV/kr5Zaakd0j97zZor8mOwryy22oGsDGTutBqF0zHCKVJqSGvCpK'),
(270, 'student', 'ADM0115', '$2b$12$oa.IFk2VcmMwxBaDsZU/YeTlPoBrCs7OZuamc9RhUeHyTbXgIFkYW'),
(271, 'parent', 'P0115', '$2b$12$rV/kr5Zaakd0j97zZor8mOwryy22oGsDGTutBqF0zHCKVJqSGvCpK'),
(272, 'student', 'ADM0116', '$2b$12$mBXMTeoTHUqbkdKw1s7oluupi2TsA0hkUyUg01AxzWGFuXbiheoh6'),
(273, 'parent', 'P0116', '$2b$12$rV/kr5Zaakd0j97zZor8mOwryy22oGsDGTutBqF0zHCKVJqSGvCpK'),
(274, 'student', 'ADM0117', '$2b$12$HPnhNNn0e03SBr3Ctj2OuurtWcBMO3BryPQy8Rt7YlBF7nOaJV4ae'),
(275, 'parent', 'P0117', '$2b$12$rV/kr5Zaakd0j97zZor8mOwryy22oGsDGTutBqF0zHCKVJqSGvCpK'),
(276, 'student', 'ADM0118', '$2b$12$Oi7KM9stuEZMy/ZA5m8O6OZ1tM60XXbCP9YqgbMz.pPnqu2XiD25u'),
(277, 'parent', 'P0118', '$2b$12$rV/kr5Zaakd0j97zZor8mOwryy22oGsDGTutBqF0zHCKVJqSGvCpK'),
(278, 'student', 'ADM0119', '$2b$12$.CJu9DAkpAaesNxABkJEK.UpCwQPMrJG5FH8S4p2KdviI95r5KEWS'),
(279, 'parent', 'P0119', '$2b$12$rV/kr5Zaakd0j97zZor8mOwryy22oGsDGTutBqF0zHCKVJqSGvCpK'),
(280, 'student', 'ADM0120', '$2b$12$0Sso7oArkJYJLGqhpssb.eTAdXvhUT24r24gyNXeOZAUHFlgggPSy'),
(281, 'parent', 'P0120', '$2b$12$rV/kr5Zaakd0j97zZor8mOwryy22oGsDGTutBqF0zHCKVJqSGvCpK'),
(282, 'student', 'ADM0121', '$2b$12$Jxh4Cyqs5ieGSAomexolg.w5qZ3uMIe9sFVyzAzO5EWsQb1hYvr.y'),
(283, 'parent', 'P0121', '$2b$12$rV/kr5Zaakd0j97zZor8mOwryy22oGsDGTutBqF0zHCKVJqSGvCpK'),
(284, 'student', 'ADM0122', '$2b$12$WNDgVvMQP9aZBF9S8dfNYuLotT0HL5SThr6ZHMyw11CmPqgnyo2OW'),
(285, 'parent', 'P0122', '$2b$12$rV/kr5Zaakd0j97zZor8mOwryy22oGsDGTutBqF0zHCKVJqSGvCpK'),
(286, 'student', 'ADM0123', '$2b$12$tH0jsvXFKL4nrHyAEbI0hu2Ssa.E5HGbeOyMnESbJmHMi9Y68PNWm'),
(287, 'parent', 'P0123', '$2b$12$rV/kr5Zaakd0j97zZor8mOwryy22oGsDGTutBqF0zHCKVJqSGvCpK'),
(288, 'student', 'ADM0124', '$2b$12$VY/ifVrTalyJFuF6Ue0dKux4iUmZ0eSrS5bB8v2EOZYAyGbcZnEeO'),
(289, 'parent', 'P0124', '$2b$12$rV/kr5Zaakd0j97zZor8mOwryy22oGsDGTutBqF0zHCKVJqSGvCpK'),
(290, 'student', 'ADM0125', '$2b$12$i3VfN1yefjUZULuoQj4sHeVFpb6Cl1ZRQWhlaPn9d3Q/a88NCJVu6'),
(291, 'parent', 'P0125', '$2b$12$rV/kr5Zaakd0j97zZor8mOwryy22oGsDGTutBqF0zHCKVJqSGvCpK'),
(292, 'student', 'ADM0126', '$2b$12$zJffy1yV12qe9M6of9MVGu0MBRr26rTayFyLruQg5QLh/9gGpEbum'),
(293, 'parent', 'P0126', '$2b$12$rV/kr5Zaakd0j97zZor8mOwryy22oGsDGTutBqF0zHCKVJqSGvCpK'),
(294, 'student', 'ADM0127', '$2b$12$YmVtWTB7.ssVRd7k/Ip7BuADFMCWW8FyxttuYj3Dx1gqBcSeOrYlG'),
(295, 'parent', 'P0127', '$2b$12$rV/kr5Zaakd0j97zZor8mOwryy22oGsDGTutBqF0zHCKVJqSGvCpK'),
(296, 'student', 'ADM0128', '$2b$12$TLboezh.z56D7X5xQFecaOfksZAfKW1YsGgCwoEPmQaCV7B5FcJdK'),
(297, 'parent', 'P0128', '$2b$12$rV/kr5Zaakd0j97zZor8mOwryy22oGsDGTutBqF0zHCKVJqSGvCpK'),
(298, 'student', 'ADM0129', '$2b$12$1rUjJy34dYKDby9doyPgQu3/joPqG.MhbDQEKlsXV5TpxE3l3707.'),
(299, 'parent', 'P0129', '$2b$12$rV/kr5Zaakd0j97zZor8mOwryy22oGsDGTutBqF0zHCKVJqSGvCpK'),
(300, 'student', 'ADM0130', '$2b$12$nyVUdujbI2ROM0GD0Bg8KuwlMYTWb8E7D7bGiN0TorUT6PVIHrIUq'),
(301, 'parent', 'P0130', '$2b$12$rV/kr5Zaakd0j97zZor8mOwryy22oGsDGTutBqF0zHCKVJqSGvCpK'),
(302, 'student', 'ADM0131', '$2b$12$oN83GX8thpLfQqH6/RTkkOp43icOC/1/EHkfqlcxGtfsVhxwl9xIK'),
(303, 'parent', 'P0131', '$2b$12$rV/kr5Zaakd0j97zZor8mOwryy22oGsDGTutBqF0zHCKVJqSGvCpK'),
(304, 'student', 'ADM0132', '$2b$12$pjqxzmnuIijPzoHFzhePleYVTsXKRj1WUN2955RH8zUW.sG04XIdu'),
(305, 'parent', 'P0132', '$2b$12$rV/kr5Zaakd0j97zZor8mOwryy22oGsDGTutBqF0zHCKVJqSGvCpK'),
(306, 'student', 'ADM0133', '$2b$12$TdZqXhp59wPgdYT5hSjjyur.dbryfrF8QHSHTTk.tHyN2BmF5bYGW'),
(307, 'parent', 'P0133', '$2b$12$rV/kr5Zaakd0j97zZor8mOwryy22oGsDGTutBqF0zHCKVJqSGvCpK'),
(308, 'student', 'ADM0134', '$2b$12$3/hRwjgh6dVc3SrgSZDAW.Z4eTlTnQh3oNR0/btZr11hRsByNCKJe'),
(309, 'parent', 'P0134', '$2b$12$rV/kr5Zaakd0j97zZor8mOwryy22oGsDGTutBqF0zHCKVJqSGvCpK'),
(310, 'student', 'ADM0135', '$2b$12$6B.rL0WNmAvZGeRP6Olb5e/5Aq68RQ/el5LnOT3eCNZ2rgM5x6YIm'),
(311, 'parent', 'P0135', '$2b$12$rV/kr5Zaakd0j97zZor8mOwryy22oGsDGTutBqF0zHCKVJqSGvCpK'),
(312, 'student', 'ADM0136', '$2b$12$16RrrxO6fOTliFMWiAit7O5Zvut7yq3hYOhh0dHfsLhTDNOpV/PJK'),
(313, 'parent', 'P0136', '$2b$12$rV/kr5Zaakd0j97zZor8mOwryy22oGsDGTutBqF0zHCKVJqSGvCpK'),
(314, 'student', 'ADM0137', '$2b$12$40NLCj2qZZF1bgr6wZoq.e3EJ6EgCJTS/kXx8aD2LrsX2DR1xh0oO'),
(315, 'parent', 'P0137', '$2b$12$rV/kr5Zaakd0j97zZor8mOwryy22oGsDGTutBqF0zHCKVJqSGvCpK'),
(316, 'student', 'ADM0138', '$2b$12$QWmYftgcuNabThWqb2yRUugK4O12JHDPNDd2072ij/yW9eryUD3s.'),
(317, 'parent', 'P0138', '$2b$12$rV/kr5Zaakd0j97zZor8mOwryy22oGsDGTutBqF0zHCKVJqSGvCpK'),
(318, 'student', 'ADM0139', '$2b$12$LF1QVk6H73RqwzSVyGYjVOZl0TbveQqQ0kbBUON8n/cQi8lQsyUgy'),
(319, 'parent', 'P0139', '$2b$12$rV/kr5Zaakd0j97zZor8mOwryy22oGsDGTutBqF0zHCKVJqSGvCpK'),
(320, 'student', 'ADM0140', '$2b$12$yCAXACsuiTh5.jptY1YC8O/NU1UhOozPPHa.iZj6OGjLA1eJxUZWe'),
(321, 'parent', 'P0140', '$2b$12$rV/kr5Zaakd0j97zZor8mOwryy22oGsDGTutBqF0zHCKVJqSGvCpK'),
(322, 'student', 'ADM0141', '$2b$12$YkVXRIIDQ5kswzq2CpzrTu4X.mbMPfchdDlSKeLRan7hpGwU/r5oS'),
(323, 'parent', 'P0141', '$2b$12$rV/kr5Zaakd0j97zZor8mOwryy22oGsDGTutBqF0zHCKVJqSGvCpK'),
(324, 'student', 'ADM0142', '$2b$12$ZOJ4NAjU6V0.opwL7rf1Iee26n1rIZRz9sCAhkdo3WfyYI4wOxR8e'),
(325, 'parent', 'P0142', '$2b$12$rV/kr5Zaakd0j97zZor8mOwryy22oGsDGTutBqF0zHCKVJqSGvCpK'),
(326, 'student', 'ADM0143', '$2b$12$zmJ1qM4PO1eWsqnDKB3UUu/P1bHRlCqXIlnkygO74zqxU2gf8QUCO'),
(327, 'parent', 'P0143', '$2b$12$rV/kr5Zaakd0j97zZor8mOwryy22oGsDGTutBqF0zHCKVJqSGvCpK'),
(328, 'student', 'ADM0144', '$2b$12$ujgo7H8qLXNrf1OdeLNft.F0GNsK9Z9TE8estdmPZZuT1nL6grGLS'),
(329, 'parent', 'P0144', '$2b$12$rV/kr5Zaakd0j97zZor8mOwryy22oGsDGTutBqF0zHCKVJqSGvCpK'),
(330, 'student', 'ADM0145', '$2b$12$U2hLkbX.PuuoMIkobshFLeTpeyTeg0P7ikWtMa18O5.wsIjVaZktG'),
(331, 'parent', 'P0145', '$2b$12$rV/kr5Zaakd0j97zZor8mOwryy22oGsDGTutBqF0zHCKVJqSGvCpK'),
(332, 'student', 'ADM0146', '$2b$12$YCKeGEXWSnQHHch6Pk4CuuZPFI9NMA4s0/BmbGLJrpo66TFk1cUai'),
(333, 'parent', 'P0146', '$2b$12$rV/kr5Zaakd0j97zZor8mOwryy22oGsDGTutBqF0zHCKVJqSGvCpK'),
(334, 'student', 'ADM0147', '$2b$12$OUl0Wesj2yNmJQViogqlV.PH8522lSoGVuGMmGIfu60KfkmenGnm6'),
(335, 'parent', 'P0147', '$2b$12$rV/kr5Zaakd0j97zZor8mOwryy22oGsDGTutBqF0zHCKVJqSGvCpK'),
(336, 'student', 'ADM0148', '$2b$12$da2u2DzcHj6Qn1yLu8N/9ei9q5yN58sEBhI3/M75hTiiC/GMWynh6'),
(337, 'parent', 'P0148', '$2b$12$rV/kr5Zaakd0j97zZor8mOwryy22oGsDGTutBqF0zHCKVJqSGvCpK'),
(338, 'student', 'ADM0149', '$2b$12$Cpal1kOVHukVXhaacr3FHePGJL9Upo1YU2T3U2vF8wooDWUt3Dh76'),
(339, 'parent', 'P0149', '$2b$12$rV/kr5Zaakd0j97zZor8mOwryy22oGsDGTutBqF0zHCKVJqSGvCpK'),
(340, 'student', 'ADM0150', '$2b$12$1.X.bCMHslN6sIrWSx36r.xPKzsCOGMssMtuaJ.v3iH9uAlokXvdO'),
(341, 'parent', 'P0150', '$2b$12$rV/kr5Zaakd0j97zZor8mOwryy22oGsDGTutBqF0zHCKVJqSGvCpK'),
(342, 'student', 'ADM0151', '$2b$12$BoAfO6igHXG/nMI1MW81IOYXseVYHKbI6ADl7/YBCPa.yHxtKk5Jm'),
(343, 'parent', 'P0151', '$2b$12$rV/kr5Zaakd0j97zZor8mOwryy22oGsDGTutBqF0zHCKVJqSGvCpK'),
(344, 'student', 'ADM0152', '$2b$12$CiBMTKzhZFsoSgB28lc/vOyoEED8eQ69vqarfabWxbif3qdkd9LVi'),
(345, 'parent', 'P0152', '$2b$12$rV/kr5Zaakd0j97zZor8mOwryy22oGsDGTutBqF0zHCKVJqSGvCpK'),
(346, 'student', 'ADM0153', '$2b$12$3z9ehHXLnaerZrw33rBOdODD39SRrIgUeLuYs.EzagM.ccKnlS8BC'),
(347, 'parent', 'P0153', '$2b$12$rV/kr5Zaakd0j97zZor8mOwryy22oGsDGTutBqF0zHCKVJqSGvCpK'),
(348, 'student', 'ADM0154', '$2b$12$QkvKXS6p5FNWNyrfA1Gz4uFhjoknniESz9Ow/VlVyFRrFusAdiG66'),
(349, 'parent', 'P0154', '$2b$12$rV/kr5Zaakd0j97zZor8mOwryy22oGsDGTutBqF0zHCKVJqSGvCpK'),
(350, 'student', 'ADM0155', '$2b$12$liDE94NaWQHBmgOCceuZyuZw.0h0bPPqeHPIWZtEEQh58lP8sN.o.'),
(351, 'parent', 'P0155', '$2b$12$rV/kr5Zaakd0j97zZor8mOwryy22oGsDGTutBqF0zHCKVJqSGvCpK'),
(352, 'student', 'ADM0156', '$2b$12$XQDmVvkd5Ouw9uxB/cyNNOSuYJkPDWTBiB9CdqAHpmb4JSetLQelm'),
(353, 'parent', 'P0156', '$2b$12$rV/kr5Zaakd0j97zZor8mOwryy22oGsDGTutBqF0zHCKVJqSGvCpK'),
(354, 'student', 'ADM0157', '$2b$12$9zHBCrZahuHtxH6DzmWjcuV9RRXvn3qgcmo7PsqTRKkNfgzCmL266'),
(355, 'parent', 'P0157', '$2b$12$rV/kr5Zaakd0j97zZor8mOwryy22oGsDGTutBqF0zHCKVJqSGvCpK'),
(356, 'student', 'ADM0158', '$2b$12$qzGPZqsq/c95qNRya5Z9t.2zHTawjG5DxZDwWwvX9pvyawiMEzrEa'),
(357, 'parent', 'P0158', '$2b$12$rV/kr5Zaakd0j97zZor8mOwryy22oGsDGTutBqF0zHCKVJqSGvCpK'),
(358, 'student', 'ADM0159', '$2b$12$efF9cjTkSbJexrOwIjs7KeIp5ukO4O53L5wlfaHXz.BXCzphwOqiG'),
(359, 'parent', 'P0159', '$2b$12$rV/kr5Zaakd0j97zZor8mOwryy22oGsDGTutBqF0zHCKVJqSGvCpK'),
(360, 'student', 'ADM0160', '$2b$12$oVB6Wm7SCNv/pbHdbRGeJ.EUixnW2VM84dx9X2Glz2HPzDA6qszom'),
(361, 'parent', 'P0160', '$2b$12$rV/kr5Zaakd0j97zZor8mOwryy22oGsDGTutBqF0zHCKVJqSGvCpK'),
(362, 'student', 'ADM0161', '$2b$12$hn7gQHUjDTUZ9QYWq5OKM.tYnFvnBF1moCS6TUYEoaY97UXG5Wb4i'),
(363, 'parent', 'P0161', '$2b$12$rV/kr5Zaakd0j97zZor8mOwryy22oGsDGTutBqF0zHCKVJqSGvCpK'),
(364, 'student', 'ADM0162', '$2b$12$4EI6uE4UXlynefWxbfCgdOxv8zsul1Oy45pPNHg8.b88aVCKWdcxO'),
(365, 'parent', 'P0162', '$2b$12$rV/kr5Zaakd0j97zZor8mOwryy22oGsDGTutBqF0zHCKVJqSGvCpK'),
(366, 'student', 'ADM0163', '$2b$12$I2VrW3h0GeiiHHq3/3OfLORoUhHPyHW3.Pcw7zny39cWBeXODD6sG'),
(367, 'parent', 'P0163', '$2b$12$rV/kr5Zaakd0j97zZor8mOwryy22oGsDGTutBqF0zHCKVJqSGvCpK'),
(368, 'student', 'ADM0164', '$2b$12$NuPDa1RTqAS68k1E0/0YOOsa0PtDDLkXR6UWFA8fgvyx5TSExDtDi'),
(369, 'parent', 'P0164', '$2b$12$rV/kr5Zaakd0j97zZor8mOwryy22oGsDGTutBqF0zHCKVJqSGvCpK'),
(370, 'student', 'ADM0165', '$2b$12$/07mghDwBf.GEr3HO9qMSu.ftMizCt1gcMmPsPsIcbTBjcuS3Qtw6'),
(371, 'parent', 'P0165', '$2b$12$rV/kr5Zaakd0j97zZor8mOwryy22oGsDGTutBqF0zHCKVJqSGvCpK'),
(372, 'student', 'ADM0166', '$2b$12$kczrqIs4B4v9rMGt2mzj/.sIAxJmF4/E1Ha6rRB5WI98uSLH4M6Yy'),
(373, 'parent', 'P0166', '$2b$12$rV/kr5Zaakd0j97zZor8mOwryy22oGsDGTutBqF0zHCKVJqSGvCpK'),
(374, 'student', 'ADM0167', '$2b$12$mqevnnxhwT8hZKfX0R5RhOeZ8erw1mI66noC1RRx2UvEerMdRHyPG'),
(375, 'parent', 'P0167', '$2b$12$rV/kr5Zaakd0j97zZor8mOwryy22oGsDGTutBqF0zHCKVJqSGvCpK'),
(376, 'student', 'ADM0168', '$2b$12$bTjPu9Iu1Ck3lV6NufmeP.1jvwb7D5xvn65WSAMS8wKXP1yj8igwG'),
(377, 'parent', 'P0168', '$2b$12$rV/kr5Zaakd0j97zZor8mOwryy22oGsDGTutBqF0zHCKVJqSGvCpK'),
(378, 'student', 'ADM0169', '$2b$12$UlBxnO8eC.L50c.bD9/Tuev/uv71PJWQUDd/bHn2a.r9xQ6u9zPUS'),
(379, 'parent', 'P0169', '$2b$12$rV/kr5Zaakd0j97zZor8mOwryy22oGsDGTutBqF0zHCKVJqSGvCpK'),
(380, 'student', 'ADM0170', '$2b$12$z1uffX16Z2cSzD2SfvVeSuc9lwB7ZBiN6JgOs4oCDSJeP7frjvihe'),
(381, 'parent', 'P0170', '$2b$12$rV/kr5Zaakd0j97zZor8mOwryy22oGsDGTutBqF0zHCKVJqSGvCpK'),
(382, 'student', 'ADM0171', '$2b$12$6eHuFd48zc..a6UD6zdpEOfdgsEDTb0TtJtcGv3olAYuxAnxcMTDm'),
(383, 'parent', 'P0171', '$2b$12$rV/kr5Zaakd0j97zZor8mOwryy22oGsDGTutBqF0zHCKVJqSGvCpK'),
(384, 'student', 'ADM0172', '$2b$12$1Uw95xHwfELImMgYbjq/Keqa2Dleai.JbCCtOtvi0f0mMpuUjG7vW'),
(385, 'parent', 'P0172', '$2b$12$rV/kr5Zaakd0j97zZor8mOwryy22oGsDGTutBqF0zHCKVJqSGvCpK'),
(386, 'student', 'ADM0173', '$2b$12$ToHgJmzIxGf7qyXtW0a5y..Fznm8XN.bpWS9j6Xj1zRWPQZjR84OK'),
(387, 'parent', 'P0173', '$2b$12$rV/kr5Zaakd0j97zZor8mOwryy22oGsDGTutBqF0zHCKVJqSGvCpK'),
(388, 'student', 'ADM0174', '$2b$12$9Bp6y5uPCLa/ePF81Jum6eb6/ddTICLi8xApQ1YmOrhmLnN1RQ9RS'),
(389, 'parent', 'P0174', '$2b$12$rV/kr5Zaakd0j97zZor8mOwryy22oGsDGTutBqF0zHCKVJqSGvCpK'),
(390, 'student', 'ADM0175', '$2b$12$oG3d8pujGMPJc6qcJcui9unQCrNVMjWEpQrP9RlgM/dYUq/PKsu8S'),
(391, 'parent', 'P0175', '$2b$12$rV/kr5Zaakd0j97zZor8mOwryy22oGsDGTutBqF0zHCKVJqSGvCpK'),
(392, 'student', 'ADM0176', '$2b$12$so1r3pCfyQ6hRTuiwO3tf.gHtlni25AOFINrJ4kf/7CvIHoKXakUq'),
(393, 'parent', 'P0176', '$2b$12$rV/kr5Zaakd0j97zZor8mOwryy22oGsDGTutBqF0zHCKVJqSGvCpK'),
(394, 'student', 'ADM0177', '$2b$12$BQ5/A/F4SkEdmEpOo2hnTuCzSgkSGE8YvOdWst.JO3K0InL18T8p2'),
(395, 'parent', 'P0177', '$2b$12$rV/kr5Zaakd0j97zZor8mOwryy22oGsDGTutBqF0zHCKVJqSGvCpK'),
(396, 'student', 'ADM0178', '$2b$12$/xORq8j/Mjvjq1T3ph3l/O1BMZCRYrhEe9CLrY5a5VVhajGXRxvJe'),
(397, 'parent', 'P0178', '$2b$12$rV/kr5Zaakd0j97zZor8mOwryy22oGsDGTutBqF0zHCKVJqSGvCpK'),
(398, 'student', 'ADM0179', '$2b$12$zChiHn3/qN2UxfwhOl74a.J2dsqLmy0VhraQALsLuHNtiqzscs3bO'),
(399, 'parent', 'P0179', '$2b$12$rV/kr5Zaakd0j97zZor8mOwryy22oGsDGTutBqF0zHCKVJqSGvCpK'),
(400, 'student', 'ADM0180', '$2b$12$O6oEH/EiItqimlRLU2MvTuv96oPB21GzztFSez2XFblAT6fo7pSj.'),
(401, 'parent', 'P0180', '$2b$12$rV/kr5Zaakd0j97zZor8mOwryy22oGsDGTutBqF0zHCKVJqSGvCpK'),
(402, 'student', 'ADM0181', '$2b$12$TEpnxG2sn8zYh3FEKEBhMukTZWuEyhd3d.LNnKnCQ8E6Zh1BrN9VG'),
(403, 'parent', 'P0181', '$2b$12$rV/kr5Zaakd0j97zZor8mOwryy22oGsDGTutBqF0zHCKVJqSGvCpK'),
(404, 'student', 'ADM0182', '$2b$12$nKkSeny2MVFZXA9i3YKhEO.uw/Lk4gpCK10zZC85gHgfPfxcke16m'),
(405, 'parent', 'P0182', '$2b$12$rV/kr5Zaakd0j97zZor8mOwryy22oGsDGTutBqF0zHCKVJqSGvCpK'),
(406, 'student', 'ADM0183', '$2b$12$4p6fVNbSNJNgfI0MphZAtOu5u6DMN8jjORbqJt.yVbCHQNUaa8srC'),
(407, 'parent', 'P0183', '$2b$12$rV/kr5Zaakd0j97zZor8mOwryy22oGsDGTutBqF0zHCKVJqSGvCpK'),
(408, 'student', 'ADM0184', '$2b$12$AI8Wyz1aBs27KD4iqvfge.BO13uejY.TBK0pYDtv9MaydaXpbjbjC'),
(409, 'parent', 'P0184', '$2b$12$rV/kr5Zaakd0j97zZor8mOwryy22oGsDGTutBqF0zHCKVJqSGvCpK'),
(410, 'student', 'ADM0185', '$2b$12$ZNcMJAJrtBoAv74zITfEtuHxZHXL7Hb1xyxe8hgb35UHfrY9VqJiy'),
(411, 'parent', 'P0185', '$2b$12$rV/kr5Zaakd0j97zZor8mOwryy22oGsDGTutBqF0zHCKVJqSGvCpK'),
(412, 'student', 'ADM0186', '$2b$12$KLxI/fOSAaVplBwEs.0FzexImWie2QB9tWTqCA3sjEINSDX5bkZ76'),
(413, 'parent', 'P0186', '$2b$12$rV/kr5Zaakd0j97zZor8mOwryy22oGsDGTutBqF0zHCKVJqSGvCpK'),
(414, 'student', 'ADM0187', '$2b$12$EY/zoFpIA5ntGP.stwIFQuyOWlL/e0OypqV5IfzzWhi1XDman6BYy'),
(415, 'parent', 'P0187', '$2b$12$rV/kr5Zaakd0j97zZor8mOwryy22oGsDGTutBqF0zHCKVJqSGvCpK'),
(416, 'student', 'ADM0188', '$2b$12$GQJLwdBScGVgW3CWfuhJhOnSMk4ao.b3ddq/VBokkJayZSe52B0HO'),
(417, 'parent', 'P0188', '$2b$12$rV/kr5Zaakd0j97zZor8mOwryy22oGsDGTutBqF0zHCKVJqSGvCpK'),
(418, 'student', 'ADM0189', '$2b$12$zVOziBK9SirRCCoiXdvipe/DurBPW1eCqFLb8K9Hz/lFK788PZSpW'),
(419, 'parent', 'P0189', '$2b$12$rV/kr5Zaakd0j97zZor8mOwryy22oGsDGTutBqF0zHCKVJqSGvCpK'),
(420, 'student', 'ADM0190', '$2b$12$1.Q8QKXKfk6rOL46CzwWNOCi1NjA89sALEWxcT1tNH205roMc/1K.'),
(421, 'parent', 'P0190', '$2b$12$rV/kr5Zaakd0j97zZor8mOwryy22oGsDGTutBqF0zHCKVJqSGvCpK'),
(422, 'student', 'ADM0191', '$2b$12$XwAlg3GiPtaaWwngDy3QDe51ThtsgSRw9.Gb9ksR.NF2hPy7u2aam'),
(423, 'parent', 'P0191', '$2b$12$rV/kr5Zaakd0j97zZor8mOwryy22oGsDGTutBqF0zHCKVJqSGvCpK'),
(424, 'student', 'ADM0192', '$2b$12$Xqf0TtiMAZtEV5CnTPEj8emjHUPYbpkgKzq92nJghSlphoNMoNbra'),
(425, 'parent', 'P0192', '$2b$12$rV/kr5Zaakd0j97zZor8mOwryy22oGsDGTutBqF0zHCKVJqSGvCpK'),
(426, 'student', 'ADM0193', '$2b$12$4wDAvcE/C4EXbBCAxvW1oOQQ0jH8a.w1TS1B7XYZyuOxMVtRQR0Xy'),
(427, 'parent', 'P0193', '$2b$12$rV/kr5Zaakd0j97zZor8mOwryy22oGsDGTutBqF0zHCKVJqSGvCpK'),
(428, 'student', 'ADM0194', '$2b$12$kkqKWJ5NPBC9Qjb6DapNpetoLdF.Kje3iWdXTn156Q5.7RyNodzDK'),
(429, 'parent', 'P0194', '$2b$12$rV/kr5Zaakd0j97zZor8mOwryy22oGsDGTutBqF0zHCKVJqSGvCpK'),
(430, 'student', 'ADM0195', '$2b$12$5mhRDd7tpPv3mwtqxxKv0uZujZcbDSIHr0rS.nXDB4ipLGK9y//sS'),
(431, 'parent', 'P0195', '$2b$12$rV/kr5Zaakd0j97zZor8mOwryy22oGsDGTutBqF0zHCKVJqSGvCpK'),
(432, 'student', 'ADM0196', '$2b$12$0rBMFUfAPrxGcZTF0H3PqO9CbCkfFLkCdIHor6OLgILON9cLQcA0.'),
(433, 'parent', 'P0196', '$2b$12$rV/kr5Zaakd0j97zZor8mOwryy22oGsDGTutBqF0zHCKVJqSGvCpK'),
(434, 'student', 'ADM0197', '$2b$12$7ENiJ5C3nDq1bTWi8Z5tZO3yh8r5iH.x4hgAff6ZjF2J1LEbyqVOO'),
(435, 'parent', 'P0197', '$2b$12$rV/kr5Zaakd0j97zZor8mOwryy22oGsDGTutBqF0zHCKVJqSGvCpK'),
(436, 'student', 'ADM0198', '$2b$12$s1FP0/QfeNU7iWDvPTEVceUpqTNv7SdRaI50mp2a5pP5pk39Q8sUq'),
(437, 'parent', 'P0198', '$2b$12$rV/kr5Zaakd0j97zZor8mOwryy22oGsDGTutBqF0zHCKVJqSGvCpK'),
(438, 'student', 'ADM0199', '$2b$12$N1OdIaTqeGa2COpZEZb1Pe0x3PpT76b8Axu/0X34bRhOHRaFLm8EO'),
(439, 'parent', 'P0199', '$2b$12$rV/kr5Zaakd0j97zZor8mOwryy22oGsDGTutBqF0zHCKVJqSGvCpK'),
(440, 'student', 'ADM0200', '$2b$12$6pFyQmJCirC7DAGdPsHDu.0RZDBaa8zfaSjKfhp7RcFRE23wetNYm'),
(441, 'parent', 'P0200', '$2b$12$rV/kr5Zaakd0j97zZor8mOwryy22oGsDGTutBqF0zHCKVJqSGvCpK'),
(442, 'student', 'ADM0201', '$2b$12$0zpt4pA5mXYUYnDYbOMOW.FY/7cY6AsVxHT73XWYZbUSyygh2Bo42'),
(443, 'parent', 'P0201', '$2b$12$rV/kr5Zaakd0j97zZor8mOwryy22oGsDGTutBqF0zHCKVJqSGvCpK'),
(444, 'student', 'ADM0202', '$2b$12$7gEk2MXvXKHatxHoQCiAIuQ/HM.qqNa4mUWkl2m8yebUhA0k6Ceb.'),
(445, 'parent', 'P0202', '$2b$12$rV/kr5Zaakd0j97zZor8mOwryy22oGsDGTutBqF0zHCKVJqSGvCpK'),
(446, 'student', 'ADM0203', '$2b$12$.WtpFHzoL30ahcbRVtU9HO/I5R6l8ZuQsLY6RaDhctWxEo6LzuB3W'),
(447, 'parent', 'P0203', '$2b$12$rV/kr5Zaakd0j97zZor8mOwryy22oGsDGTutBqF0zHCKVJqSGvCpK'),
(448, 'student', 'ADM0204', '$2b$12$KcHw73nEJSpgFdVTNDpFfeRmeZFXsmMkNKX5ZAL9z5SNoog28pApS'),
(449, 'parent', 'P0204', '$2b$12$rV/kr5Zaakd0j97zZor8mOwryy22oGsDGTutBqF0zHCKVJqSGvCpK'),
(450, 'student', 'ADM0205', '$2b$12$JQWPedLue2lUAYdEHeBPrOGePYRbZlGcmSL4qubv.eGlcOIkILSQ.'),
(451, 'parent', 'P0205', '$2b$12$rV/kr5Zaakd0j97zZor8mOwryy22oGsDGTutBqF0zHCKVJqSGvCpK'),
(452, 'student', 'ADM0206', '$2b$12$pyR3UeIS0DK.UOQvunB.F.zhaq.4uLbdA8GAoNlvhLFs.iF5SHuTC'),
(453, 'parent', 'P0206', '$2b$12$rV/kr5Zaakd0j97zZor8mOwryy22oGsDGTutBqF0zHCKVJqSGvCpK'),
(454, 'student', 'ADM0207', '$2b$12$cyVtVGxmunKh3DSybXqQMuTc4mZVkwu/a9xSDxZNeKQS9e9.17mBq'),
(455, 'parent', 'P0207', '$2b$12$rV/kr5Zaakd0j97zZor8mOwryy22oGsDGTutBqF0zHCKVJqSGvCpK'),
(456, 'student', 'ADM0208', '$2b$12$N0nPt.Q36WDA9IqNDpNe/uguy3aqsV6Qs.dEIi/njGWp6XxnSP.lC'),
(457, 'parent', 'P0208', '$2b$12$rV/kr5Zaakd0j97zZor8mOwryy22oGsDGTutBqF0zHCKVJqSGvCpK'),
(458, 'student', 'ADM0209', '$2b$12$6zRLuVFQtxSr1snpVkU0veMpzBn35uZCesyCvwbeIIxPS0KckXUeK'),
(459, 'parent', 'P0209', '$2b$12$rV/kr5Zaakd0j97zZor8mOwryy22oGsDGTutBqF0zHCKVJqSGvCpK'),
(460, 'student', 'ADM0210', '$2b$12$ZGmpeLPgGqPncTGJpmphP.Sbzr4sm/h6GKE8W3soG0mwkBwS6nbsi'),
(461, 'parent', 'P0210', '$2b$12$rV/kr5Zaakd0j97zZor8mOwryy22oGsDGTutBqF0zHCKVJqSGvCpK'),
(462, 'student', 'ADM0211', '$2b$12$wiHmRTpHPgoDGVzPZYd/BOPcfb5KMz/Zl0VpSDwYFjfp1lxvVyFLW'),
(463, 'parent', 'P0211', '$2b$12$rV/kr5Zaakd0j97zZor8mOwryy22oGsDGTutBqF0zHCKVJqSGvCpK'),
(464, 'student', 'ADM0212', '$2b$12$P7i.CUKAHnyeGJjHCWIhQ.koLR6L0.oCNDZUH9fC5SXRbH0ma/VfC'),
(465, 'parent', 'P0212', '$2b$12$rV/kr5Zaakd0j97zZor8mOwryy22oGsDGTutBqF0zHCKVJqSGvCpK'),
(466, 'student', 'ADM0213', '$2b$12$0hi1VBs7p2FH2Ri.ZaS.We3bWsHfG8cIu/UvgVXWqI1wC3569XEyy'),
(467, 'parent', 'P0213', '$2b$12$rV/kr5Zaakd0j97zZor8mOwryy22oGsDGTutBqF0zHCKVJqSGvCpK'),
(468, 'student', 'ADM0214', '$2b$12$tZfvoDhSXz2qrcy/M2ZVvelsibw/lUBY8KDtTC1XRnZ3iYQeJCF8i'),
(469, 'parent', 'P0214', '$2b$12$rV/kr5Zaakd0j97zZor8mOwryy22oGsDGTutBqF0zHCKVJqSGvCpK'),
(470, 'student', 'ADM0215', '$2b$12$LIQqzOm/3y1s/nWKbpBO4.Y3hWDwFudfP7xmhPsEpMNgQ/2IP6a4G'),
(471, 'parent', 'P0215', '$2b$12$rV/kr5Zaakd0j97zZor8mOwryy22oGsDGTutBqF0zHCKVJqSGvCpK'),
(472, 'student', 'ADM0216', '$2b$12$VQwMYL5WoPqCRjRZBJW9juk1/Piv49Gy3ivQyM4NgBIBPKJda3Lwy'),
(473, 'parent', 'P0216', '$2b$12$rV/kr5Zaakd0j97zZor8mOwryy22oGsDGTutBqF0zHCKVJqSGvCpK'),
(474, 'student', 'ADM0217', '$2b$12$Cw5P5VjSz4lZzjP47htaVe4YAJsA.HbYavdQTWdPNxX7yKTBtdomG'),
(475, 'parent', 'P0217', '$2b$12$rV/kr5Zaakd0j97zZor8mOwryy22oGsDGTutBqF0zHCKVJqSGvCpK'),
(476, 'student', 'ADM0218', '$2b$12$WhAk5Cv8UyF5TQLAQQQo7OlELJ5iSxQZJNuw49O7QOE6p2OATgAIK'),
(477, 'parent', 'P0218', '$2b$12$rV/kr5Zaakd0j97zZor8mOwryy22oGsDGTutBqF0zHCKVJqSGvCpK'),
(478, 'student', 'ADM0219', '$2b$12$ubpfvhARbLUPy4upQGHOGOcIPZwFyoEirOfpwJ5BOXrePCDPDXYAW'),
(479, 'parent', 'P0219', '$2b$12$rV/kr5Zaakd0j97zZor8mOwryy22oGsDGTutBqF0zHCKVJqSGvCpK'),
(480, 'student', 'ADM0220', '$2b$12$SkippMckl316hZ4Bn6ge1.uJpwU7u0kWDUN60r3C.lu9oQtgDOsWi'),
(481, 'parent', 'P0220', '$2b$12$rV/kr5Zaakd0j97zZor8mOwryy22oGsDGTutBqF0zHCKVJqSGvCpK'),
(482, 'student', 'ADM0221', '$2b$12$MEpjiwN88kgnaa0zFUUH/.vSxF9p96JwoL7Q4qhsJxBH8A2cJbDze'),
(483, 'parent', 'P0221', '$2b$12$rV/kr5Zaakd0j97zZor8mOwryy22oGsDGTutBqF0zHCKVJqSGvCpK'),
(484, 'student', 'ADM0222', '$2b$12$1DZB2ss1k/deWbJus4wdZenpySZ7qbZBwecenOo14Q.9KY6KXfGee'),
(485, 'parent', 'P0222', '$2b$12$rV/kr5Zaakd0j97zZor8mOwryy22oGsDGTutBqF0zHCKVJqSGvCpK'),
(486, 'student', 'ADM0223', '$2b$12$aqnBfYmM2Tr9VCveCFEe7Oz4QqoNqt8owir6zEgH3IxNQvsXRhJaa'),
(487, 'parent', 'P0223', '$2b$12$rV/kr5Zaakd0j97zZor8mOwryy22oGsDGTutBqF0zHCKVJqSGvCpK'),
(488, 'student', 'ADM0224', '$2b$12$3Zo8hHC5k5yNL..D6lYujuBmLqYbVRgRwzwEe1nmlqQ1OAILBBrgy'),
(489, 'parent', 'P0224', '$2b$12$rV/kr5Zaakd0j97zZor8mOwryy22oGsDGTutBqF0zHCKVJqSGvCpK'),
(490, 'student', 'ADM0225', '$2b$12$iqJawzOLuwmQ9pyoq/kvJ.S/vFMqI8b6o4KUGHzmYkEweqOotrgBy'),
(491, 'parent', 'P0225', '$2b$12$rV/kr5Zaakd0j97zZor8mOwryy22oGsDGTutBqF0zHCKVJqSGvCpK'),
(492, 'student', 'ADM0226', '$2b$12$18V4fw/d0WYzWCnVCzDt4O5ltCZz/tAdL67.A9nW0AYe.dBODf6da'),
(493, 'parent', 'P0226', '$2b$12$rV/kr5Zaakd0j97zZor8mOwryy22oGsDGTutBqF0zHCKVJqSGvCpK'),
(494, 'student', 'ADM0227', '$2b$12$y02ULd33JPItBQ0sZTbocOsINF4NbZaY1O96w.Fy1hRs9zxIVEbmq'),
(495, 'parent', 'P0227', '$2b$12$rV/kr5Zaakd0j97zZor8mOwryy22oGsDGTutBqF0zHCKVJqSGvCpK'),
(496, 'student', 'ADM0228', '$2b$12$xfuzyMlCdBQTYNPoi2ffbOVoJAzppNPhifJRC3oKGf/ptoK3A2g5O'),
(497, 'parent', 'P0228', '$2b$12$rV/kr5Zaakd0j97zZor8mOwryy22oGsDGTutBqF0zHCKVJqSGvCpK'),
(498, 'student', 'ADM0229', '$2b$12$.z8FwG1K2g0Zh/EyA49ld.3dsEl84hVLXX8uq6oIYNF3sY0roQADq'),
(499, 'parent', 'P0229', '$2b$12$rV/kr5Zaakd0j97zZor8mOwryy22oGsDGTutBqF0zHCKVJqSGvCpK'),
(500, 'student', 'ADM0230', '$2b$12$jy4Qit4q.8OE8TycKlqn1OFbsp8CUgRi.xdPTUI2Xe7EF3ijFHPPO'),
(501, 'parent', 'P0230', '$2b$12$rV/kr5Zaakd0j97zZor8mOwryy22oGsDGTutBqF0zHCKVJqSGvCpK'),
(502, 'student', 'ADM0231', '$2b$12$BRTch5.HylNTzyT/9/vAl.gXDZ6E7ruAZ1OUwRFThD2N7LQkTf6kS'),
(503, 'parent', 'P0231', '$2b$12$rV/kr5Zaakd0j97zZor8mOwryy22oGsDGTutBqF0zHCKVJqSGvCpK'),
(504, 'student', 'ADM0232', '$2b$12$ANvRNSzNUzUR.0tIBCkvCuTjulIYsUBVTvDR6gHgpndWU3fykg0YK'),
(505, 'parent', 'P0232', '$2b$12$rV/kr5Zaakd0j97zZor8mOwryy22oGsDGTutBqF0zHCKVJqSGvCpK'),
(506, 'student', 'ADM0233', '$2b$12$Qbc2hs9zZsaAoK5XHUQMCurLUOPpopCrNtWIR9UhjZZiHLn8G0noe'),
(507, 'parent', 'P0233', '$2b$12$rV/kr5Zaakd0j97zZor8mOwryy22oGsDGTutBqF0zHCKVJqSGvCpK'),
(508, 'student', 'ADM0234', '$2b$12$tu6SPcj2oDtHof8mpuJ8heZLsAIuJQK6r/g9Z4GusoJuRnSR4Y7/a'),
(509, 'parent', 'P0234', '$2b$12$rV/kr5Zaakd0j97zZor8mOwryy22oGsDGTutBqF0zHCKVJqSGvCpK'),
(510, 'student', 'ADM0235', '$2b$12$gpM6bR0ATGwoUyrznAnbcu9oppCbRG4i0xj64MDSA7ZsUr3dpNsrq'),
(511, 'parent', 'P0235', '$2b$12$rV/kr5Zaakd0j97zZor8mOwryy22oGsDGTutBqF0zHCKVJqSGvCpK'),
(512, 'student', 'ADM0236', '$2b$12$H6lBZdEKF8MpjpuXMDkveODpzMvnSNSP2x/paiUwja.x3U4X5pAv.'),
(513, 'parent', 'P0236', '$2b$12$rV/kr5Zaakd0j97zZor8mOwryy22oGsDGTutBqF0zHCKVJqSGvCpK'),
(514, 'student', 'ADM0237', '$2b$12$Wh6xVpIfEDYYSDLzwotoNuJvj1mDw736q2rd8gK4oKM5Hb3pTPphe'),
(515, 'parent', 'P0237', '$2b$12$rV/kr5Zaakd0j97zZor8mOwryy22oGsDGTutBqF0zHCKVJqSGvCpK'),
(516, 'student', 'ADM0238', '$2b$12$tIcW2WpQWC8igB5P2E12b.FL4eeaz.izHt4JmtwNqQ4CCwaut.Sgm'),
(517, 'parent', 'P0238', '$2b$12$rV/kr5Zaakd0j97zZor8mOwryy22oGsDGTutBqF0zHCKVJqSGvCpK'),
(518, 'student', 'ADM0239', '$2b$12$SeiWnnJqZz.uh8bCsJy0GeTvE1GaCgayX28XSW9jkPtixaQpz9ox6'),
(519, 'parent', 'P0239', '$2b$12$rV/kr5Zaakd0j97zZor8mOwryy22oGsDGTutBqF0zHCKVJqSGvCpK'),
(520, 'student', 'ADM0240', '$2b$12$0tbgpphq6i5nV.en/.zhJen9MEnqTHkTCuTAdvGt1CHBRrL6zrsC2'),
(521, 'parent', 'P0240', '$2b$12$rV/kr5Zaakd0j97zZor8mOwryy22oGsDGTutBqF0zHCKVJqSGvCpK'),
(522, 'student', 'ADM0241', '$2b$12$d5c/hria.Xoqs7uqTAVpHucNrrcgPzewgRuxuxyjyMVjTNMgCKq8y'),
(523, 'parent', 'P0241', '$2b$12$rV/kr5Zaakd0j97zZor8mOwryy22oGsDGTutBqF0zHCKVJqSGvCpK'),
(524, 'student', 'ADM0242', '$2b$12$8ukhXB7u.Jp8ZcfnmQMBSekYi/OSmuHpbLpMCu5u1151IOMLb4OUm'),
(525, 'parent', 'P0242', '$2b$12$rV/kr5Zaakd0j97zZor8mOwryy22oGsDGTutBqF0zHCKVJqSGvCpK'),
(526, 'student', 'ADM0243', '$2b$12$uGJ67kzRtpWrSA1IRr/oneteCWsIc8zripInzU2rAguhpgCXWYONC'),
(527, 'parent', 'P0243', '$2b$12$rV/kr5Zaakd0j97zZor8mOwryy22oGsDGTutBqF0zHCKVJqSGvCpK'),
(528, 'student', 'ADM0244', '$2b$12$OoshdWFpUmpYVqICFxJSpOS5Fwmgh6AimZvQ4YCKpx.AjcantJQlG'),
(529, 'parent', 'P0244', '$2b$12$rV/kr5Zaakd0j97zZor8mOwryy22oGsDGTutBqF0zHCKVJqSGvCpK'),
(530, 'student', 'ADM0245', '$2b$12$uw6.YRuwtPTq/HAvtfCz2es3FPtWrkdFQgVnOIE5qtr0jEb07F8/S'),
(531, 'parent', 'P0245', '$2b$12$rV/kr5Zaakd0j97zZor8mOwryy22oGsDGTutBqF0zHCKVJqSGvCpK'),
(532, 'student', 'ADM0246', '$2b$12$.KE7Z2b2ytsHDuyAdSKP0OigLB0LLi15RGh69CHInSKt3BxIyeByu'),
(533, 'parent', 'P0246', '$2b$12$rV/kr5Zaakd0j97zZor8mOwryy22oGsDGTutBqF0zHCKVJqSGvCpK'),
(534, 'student', 'ADM0247', '$2b$12$5/sSVzn.tk81p2X8AI7jTObp0UBQo4sz63hAG9S193P2j/mkJqi.6'),
(535, 'parent', 'P0247', '$2b$12$rV/kr5Zaakd0j97zZor8mOwryy22oGsDGTutBqF0zHCKVJqSGvCpK'),
(536, 'student', 'ADM0248', '$2b$12$d/WtAXSlWImGRQWQspuy9OXxqz5NbT.pEFVmhRu8Pd.LNcVV9F6ri'),
(537, 'parent', 'P0248', '$2b$12$rV/kr5Zaakd0j97zZor8mOwryy22oGsDGTutBqF0zHCKVJqSGvCpK'),
(538, 'student', 'ADM0249', '$2b$12$JwJs3nLxMwU20ipcxHdam.dulhyGLU3ARsD7p2W6vCvDHm64WQKN.'),
(539, 'parent', 'P0249', '$2b$12$rV/kr5Zaakd0j97zZor8mOwryy22oGsDGTutBqF0zHCKVJqSGvCpK'),
(540, 'student', 'ADM0250', '$2b$12$LTi6LZZjsHE4twsw6OlAWey1TyZ.mJ1IdnAaFO/MyBUm2X7VG2Q/G'),
(541, 'parent', 'P0250', '$2b$12$rV/kr5Zaakd0j97zZor8mOwryy22oGsDGTutBqF0zHCKVJqSGvCpK'),
(542, 'student', 'ADM0251', '$2b$12$/Akj4O8IH4Eh8c8xTORVwu.mKFBkiZ1gBaA3SEeoU/zt7bsjF5mfu'),
(543, 'parent', 'P0251', '$2b$12$rV/kr5Zaakd0j97zZor8mOwryy22oGsDGTutBqF0zHCKVJqSGvCpK'),
(544, 'student', 'ADM0252', '$2b$12$NRFOQiTWs9NZ9qI6yZDdhuT19/6yEqyu9VOvAT/rOe8DYkMt2/o1S'),
(545, 'parent', 'P0252', '$2b$12$rV/kr5Zaakd0j97zZor8mOwryy22oGsDGTutBqF0zHCKVJqSGvCpK'),
(546, 'student', 'ADM0253', '$2b$12$bD25qlpOVN4bDtPRTaPVQesgIZJJi2v3X25Pu6rLree791vKYWgv6'),
(547, 'parent', 'P0253', '$2b$12$rV/kr5Zaakd0j97zZor8mOwryy22oGsDGTutBqF0zHCKVJqSGvCpK'),
(548, 'student', 'ADM0254', '$2b$12$T6lI1xhCD7J5sN0nw8./l./mclHhVPx424HHF3lxNeb5xHGBJFyIK'),
(549, 'parent', 'P0254', '$2b$12$rV/kr5Zaakd0j97zZor8mOwryy22oGsDGTutBqF0zHCKVJqSGvCpK'),
(550, 'student', 'ADM0255', '$2b$12$tNclfpRxDZI6Kf2uipNCReMJEt8BO1ZEXOmngOUxi46GcGeaNeyDC'),
(551, 'parent', 'P0255', '$2b$12$rV/kr5Zaakd0j97zZor8mOwryy22oGsDGTutBqF0zHCKVJqSGvCpK'),
(552, 'student', 'ADM0256', '$2b$12$hLhn/rUgJ.xN6DZl0Ve5zei1FCq6AqQ9.Pj5XMIN4BDCpXob9ZXpS'),
(553, 'parent', 'P0256', '$2b$12$rV/kr5Zaakd0j97zZor8mOwryy22oGsDGTutBqF0zHCKVJqSGvCpK'),
(554, 'student', 'ADM0257', '$2b$12$Mgk1fBA9VKJ782EwoO7xVOxOdn1PNBYqwsgAim./vmUKpbii/lWHu'),
(555, 'parent', 'P0257', '$2b$12$rV/kr5Zaakd0j97zZor8mOwryy22oGsDGTutBqF0zHCKVJqSGvCpK'),
(556, 'student', 'ADM0258', '$2b$12$hXP8c9TI3rMLHI/5YdFivuONyuaqYuswopJ3O1sFhEEU7Guxj0smW'),
(557, 'parent', 'P0258', '$2b$12$rV/kr5Zaakd0j97zZor8mOwryy22oGsDGTutBqF0zHCKVJqSGvCpK'),
(558, 'student', 'ADM0259', '$2b$12$CslnLsX86sFTsWZqYYrv.OhEb1CB9H0SOTD3/l6Bt6el0mh4eOouK'),
(559, 'parent', 'P0259', '$2b$12$rV/kr5Zaakd0j97zZor8mOwryy22oGsDGTutBqF0zHCKVJqSGvCpK'),
(560, 'student', 'ADM0260', '$2b$12$PxCr4p5eE79F/5Fi1/dWWOi9Ia3tMqWV9IBPG4g8hbgJkViIcEjmK'),
(561, 'parent', 'P0260', '$2b$12$rV/kr5Zaakd0j97zZor8mOwryy22oGsDGTutBqF0zHCKVJqSGvCpK'),
(562, 'student', 'ADM0261', '$2b$12$tPtQ0jtign4QHuz7Nw43Hu6AMOm6XG0w2CEBPZmqDly0V.JDB4MGq'),
(563, 'parent', 'P0261', '$2b$12$rV/kr5Zaakd0j97zZor8mOwryy22oGsDGTutBqF0zHCKVJqSGvCpK'),
(564, 'student', 'ADM0262', '$2b$12$69dew4jdCgNgFX7yoDIequdFMBsebcDHGkXwhjX/mtd14vgElOOyC'),
(565, 'parent', 'P0262', '$2b$12$rV/kr5Zaakd0j97zZor8mOwryy22oGsDGTutBqF0zHCKVJqSGvCpK'),
(566, 'student', 'ADM0263', '$2b$12$cgYmXP.jvM2MLp6ktYjCvOLNJeMCB/es9Vj3OHDaokKLQJC3GGpgK'),
(567, 'parent', 'P0263', '$2b$12$rV/kr5Zaakd0j97zZor8mOwryy22oGsDGTutBqF0zHCKVJqSGvCpK'),
(568, 'student', 'ADM0264', '$2b$12$vBx484qurhve27576qUtReFYSN6.ufGAwsNi5ULV3DAsXtAaztADS'),
(569, 'parent', 'P0264', '$2b$12$rV/kr5Zaakd0j97zZor8mOwryy22oGsDGTutBqF0zHCKVJqSGvCpK'),
(570, 'student', 'ADM0265', '$2b$12$115nWJmpivTO4jYcOASOOuNJ/q3wiVj3o0TkCcibox0y/6KIGsSHC'),
(571, 'parent', 'P0265', '$2b$12$rV/kr5Zaakd0j97zZor8mOwryy22oGsDGTutBqF0zHCKVJqSGvCpK'),
(572, 'student', 'ADM0266', '$2b$12$GEpMSFdyFMLt42gzaScHLe9jGvqRBFI0JRG0Z2IFQ3uVaKIGmpdxK'),
(573, 'parent', 'P0266', '$2b$12$rV/kr5Zaakd0j97zZor8mOwryy22oGsDGTutBqF0zHCKVJqSGvCpK'),
(574, 'student', 'ADM0267', '$2b$12$qF4Rrj81FElORhxTiDNZEOLifoewXwMKkBHNNQNdXYeOUOLopxpjK'),
(575, 'parent', 'P0267', '$2b$12$rV/kr5Zaakd0j97zZor8mOwryy22oGsDGTutBqF0zHCKVJqSGvCpK'),
(576, 'student', 'ADM0268', '$2b$12$JToRVRZHZ98nFPbxA4oy/.qQr4fYR8UBLOIYg/GDc/t/FP5qCFUs2'),
(577, 'parent', 'P0268', '$2b$12$rV/kr5Zaakd0j97zZor8mOwryy22oGsDGTutBqF0zHCKVJqSGvCpK'),
(578, 'student', 'ADM0269', '$2b$12$mTKUKVRnzj.8XemPe9EkHucAAUZjoYfpi/yu9ibMi5v73twu87viC'),
(579, 'parent', 'P0269', '$2b$12$rV/kr5Zaakd0j97zZor8mOwryy22oGsDGTutBqF0zHCKVJqSGvCpK'),
(580, 'student', 'ADM0270', '$2b$12$FgzzLebPFdNK0lEERB6QiuP74VGz9e49Xjt9LENyy.VjGuWJV/BO6'),
(581, 'parent', 'P0270', '$2b$12$rV/kr5Zaakd0j97zZor8mOwryy22oGsDGTutBqF0zHCKVJqSGvCpK'),
(582, 'student', 'ADM0271', '$2b$12$uB0.plVseTDnDLTM8.ikjerCbIL2PM.KvzJnc4QCi63uVTcZxDlQC'),
(583, 'parent', 'P0271', '$2b$12$rV/kr5Zaakd0j97zZor8mOwryy22oGsDGTutBqF0zHCKVJqSGvCpK'),
(584, 'student', 'ADM0272', '$2b$12$RIkMiap01xacphNBYDFjvOLtkgrRpiz4Mj.77aNbOML2YZX3sdC0S'),
(585, 'parent', 'P0272', '$2b$12$rV/kr5Zaakd0j97zZor8mOwryy22oGsDGTutBqF0zHCKVJqSGvCpK'),
(586, 'student', 'ADM0273', '$2b$12$etEG5W9Gi.JE1YwCGMsYU.SowZqtBW66LOahSWV4xmV8XqVHqel6W'),
(587, 'parent', 'P0273', '$2b$12$rV/kr5Zaakd0j97zZor8mOwryy22oGsDGTutBqF0zHCKVJqSGvCpK'),
(588, 'student', 'ADM0274', '$2b$12$LUY0ZMjRPkBPN8zRDpr.LOaw9YHKiTEGbbzzO309hquEdoahQgL1a'),
(589, 'parent', 'P0274', '$2b$12$rV/kr5Zaakd0j97zZor8mOwryy22oGsDGTutBqF0zHCKVJqSGvCpK'),
(590, 'student', 'ADM0275', '$2b$12$YcRGHL.CTnQsm.U9.1q89uADqSG6Zhql6dzJdy.53H4g0vRryZ0Uy'),
(591, 'parent', 'P0275', '$2b$12$rV/kr5Zaakd0j97zZor8mOwryy22oGsDGTutBqF0zHCKVJqSGvCpK'),
(592, 'student', 'ADM0276', '$2b$12$dVsGWBC0IigW.FMY67mEPeYjP7neXacnxoNty5d2DsvFOYqYVShTa'),
(593, 'parent', 'P0276', '$2b$12$rV/kr5Zaakd0j97zZor8mOwryy22oGsDGTutBqF0zHCKVJqSGvCpK'),
(594, 'student', 'ADM0277', '$2b$12$tW31WZikEwcHkMpuBKlBZe8xcIYcodrxC8fpS7qcCSfVhPdUmgxm6'),
(595, 'parent', 'P0277', '$2b$12$rV/kr5Zaakd0j97zZor8mOwryy22oGsDGTutBqF0zHCKVJqSGvCpK'),
(596, 'student', 'ADM0278', '$2b$12$E.rIrB3nzh5yof5mzpo8Oe8nwsTzqztjl5qxMGjmZfNJ8eIrCGlai'),
(597, 'parent', 'P0278', '$2b$12$rV/kr5Zaakd0j97zZor8mOwryy22oGsDGTutBqF0zHCKVJqSGvCpK'),
(598, 'student', 'ADM0279', '$2b$12$X5BF4emRlPzAG59QuAIueuET4WXPPpF.dFOnuSFrRCa2kURg3Uyby'),
(599, 'parent', 'P0279', '$2b$12$rV/kr5Zaakd0j97zZor8mOwryy22oGsDGTutBqF0zHCKVJqSGvCpK'),
(600, 'student', 'ADM0280', '$2b$12$c67ZfTlxQo1pKHZucTd9mORmYuBgcXeKiNBoDh7RHETueQ5uBjcYG'),
(601, 'parent', 'P0280', '$2b$12$rV/kr5Zaakd0j97zZor8mOwryy22oGsDGTutBqF0zHCKVJqSGvCpK'),
(602, 'student', 'ADM0281', '$2b$12$3GDOgzqjMK8jeVIzp8x5belqWshsRZB1u1SKDNjtthEfWQgy8mc.K'),
(603, 'parent', 'P0281', '$2b$12$rV/kr5Zaakd0j97zZor8mOwryy22oGsDGTutBqF0zHCKVJqSGvCpK'),
(604, 'student', 'ADM0282', '$2b$12$oeM49pjNjJQ6Oai2IiV3/uWkNymQNUg.2lObfdwRWO6x6jPz.gMHS'),
(605, 'parent', 'P0282', '$2b$12$rV/kr5Zaakd0j97zZor8mOwryy22oGsDGTutBqF0zHCKVJqSGvCpK'),
(606, 'student', 'ADM0283', '$2b$12$4EcVJiEVDKuyHywgSwDv5.xE3/9kELYN7Nm6i9B/973ap07i8U5ra'),
(607, 'parent', 'P0283', '$2b$12$rV/kr5Zaakd0j97zZor8mOwryy22oGsDGTutBqF0zHCKVJqSGvCpK'),
(608, 'student', 'ADM0284', '$2b$12$5VERfT9mOoM99j1gz2BkfulTC0/0In8eXEikQ/FrRUqpOAMIxtawu'),
(609, 'parent', 'P0284', '$2b$12$rV/kr5Zaakd0j97zZor8mOwryy22oGsDGTutBqF0zHCKVJqSGvCpK'),
(610, 'student', 'ADM0285', '$2b$12$QThiL6LocxG3zMiAtbuyXei7E38Dez1tt0.oXJxBg52b0f8R6iucO'),
(611, 'parent', 'P0285', '$2b$12$rV/kr5Zaakd0j97zZor8mOwryy22oGsDGTutBqF0zHCKVJqSGvCpK'),
(612, 'student', 'ADM0286', '$2b$12$DD/Q5FwELPgDdN6/gX0ZhOqwAU15kNvjppXLLeXYzRUyFZhv.hSfG'),
(613, 'parent', 'P0286', '$2b$12$rV/kr5Zaakd0j97zZor8mOwryy22oGsDGTutBqF0zHCKVJqSGvCpK'),
(614, 'student', 'ADM0287', '$2b$12$Z2eD5IedDbHKsKP6O5XplOno/tGSrRwkfd0WKuZ1MUtMdtLy60EiS'),
(615, 'parent', 'P0287', '$2b$12$rV/kr5Zaakd0j97zZor8mOwryy22oGsDGTutBqF0zHCKVJqSGvCpK'),
(616, 'student', 'ADM0288', '$2b$12$Ucx2ACxWVMkTuR5130/mIebi/JphadynLUUimFJnwL4uLVGql89iu'),
(617, 'parent', 'P0288', '$2b$12$rV/kr5Zaakd0j97zZor8mOwryy22oGsDGTutBqF0zHCKVJqSGvCpK'),
(618, 'student', 'ADM0289', '$2b$12$LtnGsFq45vPOGeN2ErtT7utdzVwulk7J/n5L48NFw.oZ7vobp1ONe'),
(619, 'parent', 'P0289', '$2b$12$rV/kr5Zaakd0j97zZor8mOwryy22oGsDGTutBqF0zHCKVJqSGvCpK'),
(620, 'student', 'ADM0290', '$2b$12$aDmL2mJ2w5s7wLtGEsRgoeqDRqphOtCFZJcQzcTf8CsAZFGyC6Hyi'),
(621, 'parent', 'P0290', '$2b$12$rV/kr5Zaakd0j97zZor8mOwryy22oGsDGTutBqF0zHCKVJqSGvCpK'),
(622, 'student', 'ADM0291', '$2b$12$shxo2EG0x24CTjnF/Me2A.xULH166YeGRYnhRLo19k33gXhCK561C'),
(623, 'parent', 'P0291', '$2b$12$rV/kr5Zaakd0j97zZor8mOwryy22oGsDGTutBqF0zHCKVJqSGvCpK'),
(624, 'student', 'ADM0292', '$2b$12$YtdX5I.yX3XUFNPLWgWrQe66Yon0Yn.I1OanhQ3fl4A3OViPcEoKe'),
(625, 'parent', 'P0292', '$2b$12$rV/kr5Zaakd0j97zZor8mOwryy22oGsDGTutBqF0zHCKVJqSGvCpK'),
(626, 'student', 'ADM0293', '$2b$12$WPXczzWQ8MVrFSGFlkuEuOMk5mdhCwMZkAJOspv21.pOqEBvrs.Ui'),
(627, 'parent', 'P0293', '$2b$12$rV/kr5Zaakd0j97zZor8mOwryy22oGsDGTutBqF0zHCKVJqSGvCpK'),
(628, 'student', 'ADM0294', '$2b$12$ssDJ4fk/kOCvAY1tRP5HLet6DgUk/Belz9ehJVyzYdhIIwBZBRGXq'),
(629, 'parent', 'P0294', '$2b$12$rV/kr5Zaakd0j97zZor8mOwryy22oGsDGTutBqF0zHCKVJqSGvCpK'),
(630, 'student', 'ADM0295', '$2b$12$Vr3OYL6x7jDhra76GAhr8uF1K5ZWHl8ziF5mapiQUBNxLAg.VSOK.'),
(631, 'parent', 'P0295', '$2b$12$rV/kr5Zaakd0j97zZor8mOwryy22oGsDGTutBqF0zHCKVJqSGvCpK'),
(632, 'student', 'ADM0296', '$2b$12$oa3RtngHBigZVDEezRjFtudRAhR5Xk4FhfcmFM4KLxCOC7N.ERvZm'),
(633, 'parent', 'P0296', '$2b$12$rV/kr5Zaakd0j97zZor8mOwryy22oGsDGTutBqF0zHCKVJqSGvCpK'),
(634, 'student', 'ADM0297', '$2b$12$ZYzaBygsQDq4D/nhswHCHOONEWs2N3ngV9oAFRjhNz338m4mXcl5G'),
(635, 'parent', 'P0297', '$2b$12$rV/kr5Zaakd0j97zZor8mOwryy22oGsDGTutBqF0zHCKVJqSGvCpK'),
(636, 'student', 'ADM0298', '$2b$12$96.9Ou.QwzfWduomLFJjeetht3s/Sutqs4mruvU0aw9Ey2pgogVPm'),
(637, 'parent', 'P0298', '$2b$12$rV/kr5Zaakd0j97zZor8mOwryy22oGsDGTutBqF0zHCKVJqSGvCpK'),
(638, 'student', 'ADM0299', '$2b$12$UW9jWOcTCLplRc9QSiBkQOHpVaNh3BZiJJ3pz1QSR9U3GmK1ZdHa6'),
(639, 'parent', 'P0299', '$2b$12$rV/kr5Zaakd0j97zZor8mOwryy22oGsDGTutBqF0zHCKVJqSGvCpK'),
(640, 'student', 'ADM0300', '$2b$12$oj25aM3wkexASm3qdYS1pegsY8VGwOI5p3uX49flJGmnJWcKlfinu'),
(641, 'parent', 'P0300', '$2b$12$rV/kr5Zaakd0j97zZor8mOwryy22oGsDGTutBqF0zHCKVJqSGvCpK'),
(642, 'student', 'ADM0301', '$2b$12$TQzDNneAy0zvqBbXqJXD3u7lWSAYYXZMbLNDuWLuf6te2ZIkdG3Da'),
(643, 'parent', 'P0301', '$2b$12$rV/kr5Zaakd0j97zZor8mOwryy22oGsDGTutBqF0zHCKVJqSGvCpK'),
(644, 'student', 'ADM0302', '$2b$12$Y6QKhifghK0BVcv0SHJNJO8.1GVpzVdCBe/wWjIwX2Jd4uMbh5cEe'),
(645, 'parent', 'P0302', '$2b$12$rV/kr5Zaakd0j97zZor8mOwryy22oGsDGTutBqF0zHCKVJqSGvCpK'),
(646, 'student', 'ADM0303', '$2b$12$etWHgCxP1hN10Co3lmauRO3JzNX08BNbuHH9C8onun2JNnyGdcwiK'),
(647, 'parent', 'P0303', '$2b$12$rV/kr5Zaakd0j97zZor8mOwryy22oGsDGTutBqF0zHCKVJqSGvCpK'),
(648, 'student', 'ADM0304', '$2b$12$JClCD58H8c0YGX2JnkenVOMDipVqjx2H5tZmGLvQl8xJv5AUZWeja'),
(649, 'parent', 'P0304', '$2b$12$rV/kr5Zaakd0j97zZor8mOwryy22oGsDGTutBqF0zHCKVJqSGvCpK'),
(650, 'student', 'ADM0305', '$2b$12$Fu/BJbCcs60Ocpkv.Q/9Je9eqz69t2cn2sZlLnUHauQLujZI5O5dW'),
(651, 'parent', 'P0305', '$2b$12$rV/kr5Zaakd0j97zZor8mOwryy22oGsDGTutBqF0zHCKVJqSGvCpK'),
(652, 'student', 'ADM0306', '$2b$12$ePOnyFMi2lmUdHd4JdJcvOvozU8vEPw2Jh0kt2xWp9fgLs6wSsE9W'),
(653, 'parent', 'P0306', '$2b$12$rV/kr5Zaakd0j97zZor8mOwryy22oGsDGTutBqF0zHCKVJqSGvCpK'),
(654, 'student', 'ADM0307', '$2b$12$7cNpCBQ/2zGeZg.X2nWiSebCD8it6qah0BSrV51/nhgTM5P1/eO5u'),
(655, 'parent', 'P0307', '$2b$12$rV/kr5Zaakd0j97zZor8mOwryy22oGsDGTutBqF0zHCKVJqSGvCpK'),
(656, 'student', 'ADM0308', '$2b$12$dIaz3A9s25CCkrLnaD05ZeLy0pXW8tB6YyJFLyusmhxxHScoT3zty'),
(657, 'parent', 'P0308', '$2b$12$rV/kr5Zaakd0j97zZor8mOwryy22oGsDGTutBqF0zHCKVJqSGvCpK'),
(658, 'student', 'ADM0309', '$2b$12$pirrvYWof/sW7daRoVDZrel6QJdH6A7oMPhy7eEck8mLLL4Z4ZaN6'),
(659, 'parent', 'P0309', '$2b$12$rV/kr5Zaakd0j97zZor8mOwryy22oGsDGTutBqF0zHCKVJqSGvCpK'),
(660, 'student', 'ADM0310', '$2b$12$s0yBDvmr47/dmmdeihkcwOaZrx4FneafM4odRVGhzjwpF937i0.ee'),
(661, 'parent', 'P0310', '$2b$12$rV/kr5Zaakd0j97zZor8mOwryy22oGsDGTutBqF0zHCKVJqSGvCpK'),
(662, 'student', 'ADM0311', '$2b$12$azWG4iDTKag2w1N/OlWnwem9PTDn7xGXIde3HMgB.rqSBF1FD/2pq'),
(663, 'parent', 'P0311', '$2b$12$rV/kr5Zaakd0j97zZor8mOwryy22oGsDGTutBqF0zHCKVJqSGvCpK'),
(664, 'student', 'ADM0312', '$2b$12$WrKeRcz0oD5rR8hhahPbo.3zEpQ8eE5lsxttvG9f/gcioPhvTg5i.'),
(665, 'parent', 'P0312', '$2b$12$rV/kr5Zaakd0j97zZor8mOwryy22oGsDGTutBqF0zHCKVJqSGvCpK'),
(666, 'student', 'ADM0313', '$2b$12$5ygmExmLjeVo.y4BLdVA9eM/VKWj0W6oWh9vJB6bSIQfULhwX02sa'),
(667, 'parent', 'P0313', '$2b$12$rV/kr5Zaakd0j97zZor8mOwryy22oGsDGTutBqF0zHCKVJqSGvCpK'),
(668, 'student', 'ADM0314', '$2b$12$XdjNypNHQGcbd/bZzU3U2.DW1ApSdXZz.vof.Aov3Gq7Vw9p/cuqW'),
(669, 'parent', 'P0314', '$2b$12$rV/kr5Zaakd0j97zZor8mOwryy22oGsDGTutBqF0zHCKVJqSGvCpK'),
(670, 'student', 'ADM0315', '$2b$12$0u8HCzzJTMvOGrYN9hnBUOdsxuYQWUObkQQIlX6BGf4.9ckWPPdVu'),
(671, 'parent', 'P0315', '$2b$12$rV/kr5Zaakd0j97zZor8mOwryy22oGsDGTutBqF0zHCKVJqSGvCpK'),
(672, 'student', 'ADM0316', '$2b$12$LC.EU4vjYMW3EZPUOhkoHOp.OA9UKxRDllv/79y6GvOEEy0SsUJMe'),
(673, 'parent', 'P0316', '$2b$12$rV/kr5Zaakd0j97zZor8mOwryy22oGsDGTutBqF0zHCKVJqSGvCpK'),
(674, 'student', 'ADM0317', '$2b$12$RWbTeak175JvJUjMxqXJyO2XqdTPXKL72PipXHp/uOrIfeup0PIr2'),
(675, 'parent', 'P0317', '$2b$12$rV/kr5Zaakd0j97zZor8mOwryy22oGsDGTutBqF0zHCKVJqSGvCpK'),
(676, 'student', 'ADM0318', '$2b$12$gSzasGLH2P2t5bCSwo4e9e.Xg0wTOxLBo.J2f2ec50RPdLnNgZyLm'),
(677, 'parent', 'P0318', '$2b$12$rV/kr5Zaakd0j97zZor8mOwryy22oGsDGTutBqF0zHCKVJqSGvCpK'),
(678, 'student', 'ADM0319', '$2b$12$HtyGvFwz7EGp9BMTYEt4Fe4cYPqoY0xihiMeMSkvIiOmVoxfyKQWq'),
(679, 'parent', 'P0319', '$2b$12$rV/kr5Zaakd0j97zZor8mOwryy22oGsDGTutBqF0zHCKVJqSGvCpK'),
(680, 'student', 'ADM0320', '$2b$12$.N8pJIm38ypwH8z9hNWJNOhU6fBVmI6Qxzs8aJvZEdKMgVPY9.p.q'),
(681, 'parent', 'P0320', '$2b$12$rV/kr5Zaakd0j97zZor8mOwryy22oGsDGTutBqF0zHCKVJqSGvCpK'),
(682, 'student', 'ADM0321', '$2b$12$I5CFV.FK6OAPafV4.Z2X2uyHqMQ93NjwN.UA4n047o2JGFtfgPOVm'),
(683, 'parent', 'P0321', '$2b$12$rV/kr5Zaakd0j97zZor8mOwryy22oGsDGTutBqF0zHCKVJqSGvCpK'),
(684, 'student', 'ADM0322', '$2b$12$V2QUjI.QzRSjnvsyD2SfC.MEaForCfFbF7kp5asMc2tgzFuSwWLWG'),
(685, 'parent', 'P0322', '$2b$12$rV/kr5Zaakd0j97zZor8mOwryy22oGsDGTutBqF0zHCKVJqSGvCpK'),
(686, 'student', 'ADM0323', '$2b$12$vmNkp.kHv85XpW/B58Am8.53hW9wtuieasmUVOqtQNCRUw3BtiB3K'),
(687, 'parent', 'P0323', '$2b$12$rV/kr5Zaakd0j97zZor8mOwryy22oGsDGTutBqF0zHCKVJqSGvCpK'),
(688, 'student', 'ADM0324', '$2b$12$zvqrezZ/uf9cnm1QiQM5SOWSW9GjYhHKBAV8xX.Xb.C/k49RitQ4y'),
(689, 'parent', 'P0324', '$2b$12$rV/kr5Zaakd0j97zZor8mOwryy22oGsDGTutBqF0zHCKVJqSGvCpK'),
(690, 'student', 'ADM0325', '$2b$12$rJCai8UUUH3HBPARigUkvOArjVTqcPoIjzpj0.GRcF4RK3d9MeXTS'),
(691, 'parent', 'P0325', '$2b$12$rV/kr5Zaakd0j97zZor8mOwryy22oGsDGTutBqF0zHCKVJqSGvCpK'),
(692, 'student', 'ADM0326', '$2b$12$0H/2Pvr0WPZTX5ELNl4k/O.YRK4q0QtbyDLtXaSDhQGd3v/C2iJ/6'),
(693, 'parent', 'P0326', '$2b$12$rV/kr5Zaakd0j97zZor8mOwryy22oGsDGTutBqF0zHCKVJqSGvCpK'),
(694, 'student', 'ADM0327', '$2b$12$EFMHfouwfx7Rz8q4nkFL0O.gVH18jpbKveM0SYTjjSXCrpYPjvHxO'),
(695, 'parent', 'P0327', '$2b$12$rV/kr5Zaakd0j97zZor8mOwryy22oGsDGTutBqF0zHCKVJqSGvCpK'),
(696, 'student', 'ADM0328', '$2b$12$UN2h5WVuHwb93xATxw9F2eBe6EFazr7J6wyZfJrAxQWZ8CQMkXysi'),
(697, 'parent', 'P0328', '$2b$12$rV/kr5Zaakd0j97zZor8mOwryy22oGsDGTutBqF0zHCKVJqSGvCpK'),
(698, 'student', 'ADM0329', '$2b$12$qw/ftstkd959pe6XPOWA/.zrbrzCD.4eMPZNjeuUO5RvdtdNJ0d16'),
(699, 'parent', 'P0329', '$2b$12$rV/kr5Zaakd0j97zZor8mOwryy22oGsDGTutBqF0zHCKVJqSGvCpK'),
(700, 'student', 'ADM0330', '$2b$12$F0MuHHN5fUEodfp4DvT0juMq8.zL.F1l1wn8iVxoQaZYk6BBKHBC2'),
(701, 'parent', 'P0330', '$2b$12$rV/kr5Zaakd0j97zZor8mOwryy22oGsDGTutBqF0zHCKVJqSGvCpK'),
(702, 'student', 'ADM0331', '$2b$12$BkFnMa3xENbIzo6kcVOzAu1NX4AVwhiCpuh.9EBBS3Kb/Jr5dtvvG'),
(703, 'parent', 'P0331', '$2b$12$rV/kr5Zaakd0j97zZor8mOwryy22oGsDGTutBqF0zHCKVJqSGvCpK'),
(704, 'student', 'ADM0332', '$2b$12$5ArD19ADb3dHAtkZX33YruvGYwCtqeqa3ZfY.OOnbMmFjMO3/9Isi'),
(705, 'parent', 'P0332', '$2b$12$rV/kr5Zaakd0j97zZor8mOwryy22oGsDGTutBqF0zHCKVJqSGvCpK'),
(706, 'student', 'ADM0333', '$2b$12$Fx4N30wrkCKTB.ZxDHehW.ft8EOo8mv4xqi0ETTgbayXmWqOVqHvO'),
(707, 'parent', 'P0333', '$2b$12$rV/kr5Zaakd0j97zZor8mOwryy22oGsDGTutBqF0zHCKVJqSGvCpK'),
(708, 'student', 'ADM0334', '$2b$12$tjNRoddBu5cEO7.gx1E/CuA0D2WqWfAnnOxsdhGqV0JlFELEH2ikK'),
(709, 'parent', 'P0334', '$2b$12$rV/kr5Zaakd0j97zZor8mOwryy22oGsDGTutBqF0zHCKVJqSGvCpK'),
(710, 'student', 'ADM0335', '$2b$12$kRzo.9YvgQTBDVrbHReQ/.FziWQGcuF/wu7/i1qqavxL7ISgrFO7K'),
(711, 'parent', 'P0335', '$2b$12$rV/kr5Zaakd0j97zZor8mOwryy22oGsDGTutBqF0zHCKVJqSGvCpK'),
(712, 'student', 'ADM0336', '$2b$12$gCdD/s5H73BX.q5smKo0cu/UBLuVl33aYcWSbXDI.EXjw1ss28eCG'),
(713, 'parent', 'P0336', '$2b$12$rV/kr5Zaakd0j97zZor8mOwryy22oGsDGTutBqF0zHCKVJqSGvCpK'),
(714, 'student', 'ADM0337', '$2b$12$tGsF0p7fBj20echzPWRWH.lg8qfeYwvSdQr5ZJ4ePpxazSpRQv5Xa'),
(715, 'parent', 'P0337', '$2b$12$rV/kr5Zaakd0j97zZor8mOwryy22oGsDGTutBqF0zHCKVJqSGvCpK'),
(716, 'student', 'ADM0338', '$2b$12$QEH97T38d6xgyfXSoM3yWO9NFhBFx5v8vEU.SecACb4BnRb0pZ.fe'),
(717, 'parent', 'P0338', '$2b$12$rV/kr5Zaakd0j97zZor8mOwryy22oGsDGTutBqF0zHCKVJqSGvCpK'),
(718, 'student', 'ADM0339', '$2b$12$vNcsk4ao4K27NwHAwIecBOeMnedr6AfFurH6lvVihZckSyqrTHAa2'),
(719, 'parent', 'P0339', '$2b$12$rV/kr5Zaakd0j97zZor8mOwryy22oGsDGTutBqF0zHCKVJqSGvCpK'),
(720, 'student', 'ADM0340', '$2b$12$Q4ucYuK.vISVU.BL7kgVH.PqHx6of4OEHVV8w2VOWraroqgLbhB.O'),
(721, 'parent', 'P0340', '$2b$12$rV/kr5Zaakd0j97zZor8mOwryy22oGsDGTutBqF0zHCKVJqSGvCpK'),
(722, 'student', 'ADM0341', '$2b$12$gDaIYLS4E5nbl9CTBWURm.zo0GYWoAhdC1xwXxM60uB4rzgN5DeE.'),
(723, 'parent', 'P0341', '$2b$12$rV/kr5Zaakd0j97zZor8mOwryy22oGsDGTutBqF0zHCKVJqSGvCpK'),
(724, 'student', 'ADM0342', '$2b$12$h3zXXKdI7srMo5argtYKb.DuAPcmT6R8poUUkr46YqKNB3GZuzzmK'),
(725, 'parent', 'P0342', '$2b$12$rV/kr5Zaakd0j97zZor8mOwryy22oGsDGTutBqF0zHCKVJqSGvCpK'),
(726, 'student', 'ADM0343', '$2b$12$XEQDaHEe2hra8EJOlGCNS.lMZ23Uq..oLtTp9Rp3csofXwl2IjQzq'),
(727, 'parent', 'P0343', '$2b$12$rV/kr5Zaakd0j97zZor8mOwryy22oGsDGTutBqF0zHCKVJqSGvCpK'),
(728, 'student', 'ADM0344', '$2b$12$sUrNNEDzWQkxtBqCGrqArOIMC83rW1onetPGKtqc0LRn/OA3bi5ui'),
(729, 'parent', 'P0344', '$2b$12$rV/kr5Zaakd0j97zZor8mOwryy22oGsDGTutBqF0zHCKVJqSGvCpK'),
(730, 'student', 'ADM0345', '$2b$12$EDhuigbgf5bUcR2tkUpnLeY0nS7XT7OMrCORkrjODgrXsquAqP8fe'),
(731, 'parent', 'P0345', '$2b$12$rV/kr5Zaakd0j97zZor8mOwryy22oGsDGTutBqF0zHCKVJqSGvCpK'),
(732, 'student', 'ADM0346', '$2b$12$dOqWQbqKROkVQVO3I2aal.AKtbdLk7/cFQRxXSgdOqYQMbkVeLMlS'),
(733, 'parent', 'P0346', '$2b$12$rV/kr5Zaakd0j97zZor8mOwryy22oGsDGTutBqF0zHCKVJqSGvCpK'),
(734, 'student', 'ADM0347', '$2b$12$wL931lqrkD32fBEJvZ9QnesoChrtRWV/gAmsKcO0om7Xy8Y9QTxkS'),
(735, 'parent', 'P0347', '$2b$12$rV/kr5Zaakd0j97zZor8mOwryy22oGsDGTutBqF0zHCKVJqSGvCpK'),
(736, 'student', 'ADM0348', '$2b$12$5Jyn6lBqeeWjgn4.0rxxeObJ89B5bQ3NXwKbbq3w062jUefHCJc.S'),
(737, 'parent', 'P0348', '$2b$12$rV/kr5Zaakd0j97zZor8mOwryy22oGsDGTutBqF0zHCKVJqSGvCpK'),
(738, 'student', 'ADM0349', '$2b$12$ynuPFe90Y7b1kEooPsE7MO6uPbbI9j0gOq.IjnfnkXLPBotYrX1Wu'),
(739, 'parent', 'P0349', '$2b$12$rV/kr5Zaakd0j97zZor8mOwryy22oGsDGTutBqF0zHCKVJqSGvCpK'),
(740, 'student', 'ADM0350', '$2b$12$xicvEGbMOMbxVXJmttgLBOTRCP/kJ3S9Kc05oEYY61KfPwRTVKQP.'),
(741, 'parent', 'P0350', '$2b$12$rV/kr5Zaakd0j97zZor8mOwryy22oGsDGTutBqF0zHCKVJqSGvCpK'),
(742, 'student', 'ADM0351', '$2b$12$sk7YpdoCo0.Uc/PXQdoek.Bk/MCc2azsMO8Yx9nrB.HUK7FVTY.lu'),
(743, 'parent', 'P0351', '$2b$12$rV/kr5Zaakd0j97zZor8mOwryy22oGsDGTutBqF0zHCKVJqSGvCpK'),
(744, 'student', 'ADM0352', '$2b$12$byp.dGYHNVLhsgMzCXp6Zu.zkF4/TWlLimuuyrDgGFwsyq1mnpKY6'),
(745, 'parent', 'P0352', '$2b$12$rV/kr5Zaakd0j97zZor8mOwryy22oGsDGTutBqF0zHCKVJqSGvCpK'),
(746, 'student', 'ADM0353', '$2b$12$LLP43gD0LZoKGyyHRGmSIeL98rcRSKkbHE2qYUF94Sn0HQG8y4Zz2'),
(747, 'parent', 'P0353', '$2b$12$rV/kr5Zaakd0j97zZor8mOwryy22oGsDGTutBqF0zHCKVJqSGvCpK'),
(748, 'student', 'ADM0354', '$2b$12$ovLtzmu7bA/VND7bbQswpe0UCUldYN4IVN97j4HM1t8BKkdAmlHPK'),
(749, 'parent', 'P0354', '$2b$12$rV/kr5Zaakd0j97zZor8mOwryy22oGsDGTutBqF0zHCKVJqSGvCpK'),
(750, 'student', 'ADM0355', '$2b$12$WGO2Ep7qFHq.JhOmMYRd1.c2lkLzti9CZn6gz67C0zss.XquI7GAe'),
(751, 'parent', 'P0355', '$2b$12$rV/kr5Zaakd0j97zZor8mOwryy22oGsDGTutBqF0zHCKVJqSGvCpK'),
(752, 'student', 'ADM0356', '$2b$12$8vpkfFnu6N733e3zEk7GTeCx5y28THOmU.Kd6.yj6kKgLf6Ez6y7y'),
(753, 'parent', 'P0356', '$2b$12$rV/kr5Zaakd0j97zZor8mOwryy22oGsDGTutBqF0zHCKVJqSGvCpK'),
(754, 'student', 'ADM0357', '$2b$12$08eDR7z9C6M4R136eei3iOnlbDAr2qWOMtnevfLobOjgKW5HdKoei'),
(755, 'parent', 'P0357', '$2b$12$rV/kr5Zaakd0j97zZor8mOwryy22oGsDGTutBqF0zHCKVJqSGvCpK'),
(756, 'student', 'ADM0358', '$2b$12$oqA0KNbgN5pFwjSMF1KfMuHvsscvalasTblRsPvnVI1wxARNaaMC2'),
(757, 'parent', 'P0358', '$2b$12$rV/kr5Zaakd0j97zZor8mOwryy22oGsDGTutBqF0zHCKVJqSGvCpK'),
(758, 'student', 'ADM0359', '$2b$12$l6UiJT5VRFCqVaxg.xqnFeWWLWWVTvtl6vUUfyByVozRKEb7Gejau'),
(759, 'parent', 'P0359', '$2b$12$rV/kr5Zaakd0j97zZor8mOwryy22oGsDGTutBqF0zHCKVJqSGvCpK'),
(760, 'student', 'ADM0360', '$2b$12$Uhg6yPeXlMPLDZObssQLW.3Ue704c8V6FTJqHWBsDuOvYOVCYUHFq'),
(761, 'parent', 'P0360', '$2b$12$rV/kr5Zaakd0j97zZor8mOwryy22oGsDGTutBqF0zHCKVJqSGvCpK'),
(762, 'student', 'ADM0361', '$2b$12$7t9sK802aSdnQD0Jy76kQe06zWV5mBMxie7Km.PevdTRjMoq0wT4a'),
(763, 'parent', 'P0361', '$2b$12$rV/kr5Zaakd0j97zZor8mOwryy22oGsDGTutBqF0zHCKVJqSGvCpK'),
(764, 'student', 'ADM0362', '$2b$12$Gy7xKduC0F6DJisMuWe9h.yp3icUzOX0ePCtYfv6/voTQX0V8aW7S'),
(765, 'parent', 'P0362', '$2b$12$rV/kr5Zaakd0j97zZor8mOwryy22oGsDGTutBqF0zHCKVJqSGvCpK'),
(766, 'student', 'ADM0363', '$2b$12$GrJNgXQXtdFRwaW7iyB6qemqT.87cP/5Vach.3v/l9yc60Qls2INy'),
(767, 'parent', 'P0363', '$2b$12$rV/kr5Zaakd0j97zZor8mOwryy22oGsDGTutBqF0zHCKVJqSGvCpK'),
(768, 'student', 'ADM0364', '$2b$12$Cdh43zx45l5LJ0JXSSK9veV3uIw5MqDd74HJ8qi5pXEcZECAVPqVC'),
(769, 'parent', 'P0364', '$2b$12$rV/kr5Zaakd0j97zZor8mOwryy22oGsDGTutBqF0zHCKVJqSGvCpK'),
(770, 'student', 'ADM0365', '$2b$12$BCkL.M9QVUpB7QVRT8PV/eLpN1byrrI1eH57sFNybvpb1QG2IUfVC'),
(771, 'parent', 'P0365', '$2b$12$rV/kr5Zaakd0j97zZor8mOwryy22oGsDGTutBqF0zHCKVJqSGvCpK'),
(772, 'student', 'ADM0366', '$2b$12$kd.i7kn.ju.D6pk58WFzPeUEKFqtDBogwL65mnsAMNkc600SKbkrq'),
(773, 'parent', 'P0366', '$2b$12$rV/kr5Zaakd0j97zZor8mOwryy22oGsDGTutBqF0zHCKVJqSGvCpK'),
(774, 'student', 'ADM0367', '$2b$12$c4rdtoZ2gzqp0gDchFxo5epAAEC3ZV4TjAB1TmI3wz0NDqay/./bm'),
(775, 'parent', 'P0367', '$2b$12$rV/kr5Zaakd0j97zZor8mOwryy22oGsDGTutBqF0zHCKVJqSGvCpK'),
(776, 'student', 'ADM0368', '$2b$12$66yqglltrYtIRfKEMgKuu.XWOYtI9WVNFNxJbo7s6WMIVurVMIHoy'),
(777, 'parent', 'P0368', '$2b$12$rV/kr5Zaakd0j97zZor8mOwryy22oGsDGTutBqF0zHCKVJqSGvCpK'),
(778, 'student', 'ADM0369', '$2b$12$0bhUO0Ol6qqjrBZzZeuiJuKus6QFRYBCoE3YvkuFYZyKxjOTt9w5K'),
(779, 'parent', 'P0369', '$2b$12$rV/kr5Zaakd0j97zZor8mOwryy22oGsDGTutBqF0zHCKVJqSGvCpK'),
(780, 'student', 'ADM0370', '$2b$12$3jyy31YoqmPp92mntDktGekU7qBoAYKqaguYUgeXj/EYTSsS3Ez2e'),
(781, 'parent', 'P0370', '$2b$12$rV/kr5Zaakd0j97zZor8mOwryy22oGsDGTutBqF0zHCKVJqSGvCpK'),
(782, 'student', 'ADM0371', '$2b$12$saQrZXsZu8EQHpKzdJw39Ok/DHms04AZFiz8T5oTTyQNag.Lo07k6'),
(783, 'parent', 'P0371', '$2b$12$rV/kr5Zaakd0j97zZor8mOwryy22oGsDGTutBqF0zHCKVJqSGvCpK'),
(784, 'student', 'ADM0372', '$2b$12$oHE8EhFpjyfU6MiDs1S54emx/QcRZvxNejvMntxgQ6Afvg9B43gKO'),
(785, 'parent', 'P0372', '$2b$12$rV/kr5Zaakd0j97zZor8mOwryy22oGsDGTutBqF0zHCKVJqSGvCpK'),
(786, 'student', 'ADM0373', '$2b$12$6GJjRsNVuod7z.IVJ50CquN2fL9gYP1gMHQgfcg5FI4WNHMwigLgG'),
(787, 'parent', 'P0373', '$2b$12$rV/kr5Zaakd0j97zZor8mOwryy22oGsDGTutBqF0zHCKVJqSGvCpK'),
(788, 'student', 'ADM0374', '$2b$12$1knZ55ZaXkg/CRqKpIKituZApmWQBcZSxv7TTArldyKGSfqNO6dwu'),
(789, 'parent', 'P0374', '$2b$12$rV/kr5Zaakd0j97zZor8mOwryy22oGsDGTutBqF0zHCKVJqSGvCpK'),
(790, 'student', 'ADM0375', '$2b$12$igPZ.5nc.QVmLDN9gzcGVurnRRsheLpPBvaqMfX9DQ/285XfXiSlG'),
(791, 'parent', 'P0375', '$2b$12$rV/kr5Zaakd0j97zZor8mOwryy22oGsDGTutBqF0zHCKVJqSGvCpK'),
(792, 'student', 'ADM0376', '$2b$12$LOx7TFgAl2T94I5T8nsiqOyCnlFiu9CrwAtQOtltGXpxN1rxNkuE6'),
(793, 'parent', 'P0376', '$2b$12$rV/kr5Zaakd0j97zZor8mOwryy22oGsDGTutBqF0zHCKVJqSGvCpK'),
(794, 'student', 'ADM0377', '$2b$12$bftII0VI1TQihR/Cl8Y6IuifuJRSWUEz/sC1ZTts35UcWIToW9Ji6'),
(795, 'parent', 'P0377', '$2b$12$rV/kr5Zaakd0j97zZor8mOwryy22oGsDGTutBqF0zHCKVJqSGvCpK'),
(796, 'student', 'ADM0378', '$2b$12$DrMjq9CT5JDII5acX6OoPelc2MaT17CvftERlnXNzsSl1nxwdqMJa'),
(797, 'parent', 'P0378', '$2b$12$rV/kr5Zaakd0j97zZor8mOwryy22oGsDGTutBqF0zHCKVJqSGvCpK'),
(798, 'student', 'ADM0379', '$2b$12$Sngo0bjowF.8rsnYgkoOFOCDS8/FMxMcoOoQgpJXchUG4AUCgFa52'),
(799, 'parent', 'P0379', '$2b$12$rV/kr5Zaakd0j97zZor8mOwryy22oGsDGTutBqF0zHCKVJqSGvCpK'),
(800, 'student', 'ADM0380', '$2b$12$JiYxvgzFhD3O2AH3vlq7Lubx53yR.eN6UvPnECmUK72ZMgw.hYr6y'),
(801, 'parent', 'P0380', '$2b$12$rV/kr5Zaakd0j97zZor8mOwryy22oGsDGTutBqF0zHCKVJqSGvCpK'),
(802, 'student', 'ADM0381', '$2b$12$1AgSfe7WeRd/Kh8xvDS21OA5wa/ky6X.utCxuL4Zjkdbw6/zcHAf2'),
(803, 'parent', 'P0381', '$2b$12$rV/kr5Zaakd0j97zZor8mOwryy22oGsDGTutBqF0zHCKVJqSGvCpK'),
(804, 'student', 'ADM0382', '$2b$12$Lccv8.ju1H27ddTe9.6JcuLstpE6SaAR6ZOq7Ve3W6oVdDztOiZPy'),
(805, 'parent', 'P0382', '$2b$12$rV/kr5Zaakd0j97zZor8mOwryy22oGsDGTutBqF0zHCKVJqSGvCpK'),
(806, 'student', 'ADM0383', '$2b$12$D8X132di17KsBRBnw/XZ0.2kJkAlW54zB3rB5.ahFPoQrdAJzyD06'),
(807, 'parent', 'P0383', '$2b$12$rV/kr5Zaakd0j97zZor8mOwryy22oGsDGTutBqF0zHCKVJqSGvCpK'),
(808, 'student', 'ADM0384', '$2b$12$NryA7USfm23PrnngQkVXI.h8VJydDJVxej1rPgTP9.KyGUdJI7TL.'),
(809, 'parent', 'P0384', '$2b$12$rV/kr5Zaakd0j97zZor8mOwryy22oGsDGTutBqF0zHCKVJqSGvCpK'),
(810, 'student', 'ADM0385', '$2b$12$bNGw9puX97oNvtBsXQ2OvukGsr30ILXkoEn4K6Lf1y1Wq938jZsAu'),
(811, 'parent', 'P0385', '$2b$12$rV/kr5Zaakd0j97zZor8mOwryy22oGsDGTutBqF0zHCKVJqSGvCpK'),
(812, 'student', 'ADM0386', '$2b$12$5/6lVEcvo8MUalr8OSgcReIDrWTFZvY2qr83PcZxfJ4faEpw7Tstu'),
(813, 'parent', 'P0386', '$2b$12$rV/kr5Zaakd0j97zZor8mOwryy22oGsDGTutBqF0zHCKVJqSGvCpK'),
(814, 'student', 'ADM0387', '$2b$12$nKuTQZ9cM17WiYWUSOj2TuVvi5DF8M6EK/o764tp0Xei1rWAviMXi'),
(815, 'parent', 'P0387', '$2b$12$rV/kr5Zaakd0j97zZor8mOwryy22oGsDGTutBqF0zHCKVJqSGvCpK'),
(816, 'student', 'ADM0388', '$2b$12$XOz5JkQfNVBbYrISUQwsZewhI4lYfybGlR1xD2SrEVyaEOeOR8hq2'),
(817, 'parent', 'P0388', '$2b$12$rV/kr5Zaakd0j97zZor8mOwryy22oGsDGTutBqF0zHCKVJqSGvCpK'),
(818, 'student', 'ADM0389', '$2b$12$jmqmSfouXt4QSuN.1papnu495vCUYCcfN4ztp3Y/4d8CHMplokkcG'),
(819, 'parent', 'P0389', '$2b$12$rV/kr5Zaakd0j97zZor8mOwryy22oGsDGTutBqF0zHCKVJqSGvCpK'),
(820, 'student', 'ADM0390', '$2b$12$UX.YaQJ9WXBbotlw5FJZC.sDbC2zGzlybCtdUcgAYdTpryYbxWPLa'),
(821, 'parent', 'P0390', '$2b$12$rV/kr5Zaakd0j97zZor8mOwryy22oGsDGTutBqF0zHCKVJqSGvCpK'),
(822, 'student', 'ADM0391', '$2b$12$zb9pKqTU6tLBoigqF3T0cu2IgYqjAOQpseRN6CjTX5BUQVgvV0T06'),
(823, 'parent', 'P0391', '$2b$12$rV/kr5Zaakd0j97zZor8mOwryy22oGsDGTutBqF0zHCKVJqSGvCpK'),
(824, 'student', 'ADM0392', '$2b$12$I/A3J58QD4hfpckizyDX/.1p.1GU4LykWjGgZCr5RUoHR/DEVu2Qm'),
(825, 'parent', 'P0392', '$2b$12$rV/kr5Zaakd0j97zZor8mOwryy22oGsDGTutBqF0zHCKVJqSGvCpK'),
(826, 'student', 'ADM0393', '$2b$12$4rArXr2OMkgLtb7xPBeVuevGs8fci93zoQ5PDUvCYa4YRm7NG7VBu'),
(827, 'parent', 'P0393', '$2b$12$rV/kr5Zaakd0j97zZor8mOwryy22oGsDGTutBqF0zHCKVJqSGvCpK'),
(828, 'student', 'ADM0394', '$2b$12$qUKMfGGTz.OQaRzprDNpXeyjO3XuL1OyaxFJEDNJmqX4UWixXnInG'),
(829, 'parent', 'P0394', '$2b$12$rV/kr5Zaakd0j97zZor8mOwryy22oGsDGTutBqF0zHCKVJqSGvCpK'),
(830, 'student', 'ADM0395', '$2b$12$d2MtbjvX4SXmrlVCUqETBex1IQH30Ukvuz39FQq3DJtXVH1egfbGq'),
(831, 'parent', 'P0395', '$2b$12$rV/kr5Zaakd0j97zZor8mOwryy22oGsDGTutBqF0zHCKVJqSGvCpK'),
(832, 'student', 'ADM0396', '$2b$12$WuhK6n0Gvkr5NwO3UkOG3e4sbqejIBHBN//OLy3uOXyj2/iNO0PVy'),
(833, 'parent', 'P0396', '$2b$12$rV/kr5Zaakd0j97zZor8mOwryy22oGsDGTutBqF0zHCKVJqSGvCpK'),
(834, 'student', 'ADM0397', '$2b$12$Wf4sjqNAsIxjUE/23p3ry.3KXVbfFijCF9M8YswmJzfqCXI1a9KhW'),
(835, 'parent', 'P0397', '$2b$12$rV/kr5Zaakd0j97zZor8mOwryy22oGsDGTutBqF0zHCKVJqSGvCpK'),
(836, 'student', 'ADM0398', '$2b$12$mIZ0nm9hUDbR2EXGpSz2uekT59s364bWkmtZ.7uMWEClIwCaAaMhC'),
(837, 'parent', 'P0398', '$2b$12$rV/kr5Zaakd0j97zZor8mOwryy22oGsDGTutBqF0zHCKVJqSGvCpK'),
(838, 'student', 'ADM0399', '$2b$12$kErGNV6ELQkZapsLbsL7nO54.RvUKlAOCMolrL18tct0xPlqpiNEy'),
(839, 'parent', 'P0399', '$2b$12$rV/kr5Zaakd0j97zZor8mOwryy22oGsDGTutBqF0zHCKVJqSGvCpK'),
(840, 'student', 'ADM0400', '$2b$12$cMfINU0mIr8hNMglpe7cO.J9qNUGxsmvHKmXwLxokjWgOh1rWguye'),
(841, 'parent', 'P0400', '$2b$12$rV/kr5Zaakd0j97zZor8mOwryy22oGsDGTutBqF0zHCKVJqSGvCpK'),
(842, 'student', 'ADM0401', '$2b$12$XWKsiqC/9G3LUOdMZN4QL.5KnCFqrT4z5pmKvdSTKCA/abw.sq8va'),
(843, 'parent', 'P0401', '$2b$12$rV/kr5Zaakd0j97zZor8mOwryy22oGsDGTutBqF0zHCKVJqSGvCpK'),
(844, 'student', 'ADM0402', '$2b$12$kyLz/cyhTgbpW1PfWEAp8OcGWzw0hI0CMjenOaeHKq4QNGLKPGRAG'),
(845, 'parent', 'P0402', '$2b$12$rV/kr5Zaakd0j97zZor8mOwryy22oGsDGTutBqF0zHCKVJqSGvCpK'),
(846, 'student', 'ADM0403', '$2b$12$8ts8DQZLPpXRs5CDjOki4uS4HMFywiERqLRGwt2/5L6z.o95V.raa'),
(847, 'parent', 'P0403', '$2b$12$rV/kr5Zaakd0j97zZor8mOwryy22oGsDGTutBqF0zHCKVJqSGvCpK'),
(848, 'student', 'ADM0404', '$2b$12$ay/vIyVEhIMU/i4NBkdmfe0GLS6.klvqYOtak9ihQp.6yj0EpOUOO'),
(849, 'parent', 'P0404', '$2b$12$rV/kr5Zaakd0j97zZor8mOwryy22oGsDGTutBqF0zHCKVJqSGvCpK'),
(850, 'student', 'ADM0405', '$2b$12$6sgj2gYcn2YwlNPpT/3/cOtqnuZRAg2EqJNcGyA.eeKDgzm5ilAQy'),
(851, 'parent', 'P0405', '$2b$12$rV/kr5Zaakd0j97zZor8mOwryy22oGsDGTutBqF0zHCKVJqSGvCpK'),
(852, 'student', 'ADM0406', '$2b$12$TqJSjnNqwyCsFSA0IkaGzeLNowHbxj6W4nEadAK0FFL1MiJukoW82'),
(853, 'parent', 'P0406', '$2b$12$rV/kr5Zaakd0j97zZor8mOwryy22oGsDGTutBqF0zHCKVJqSGvCpK'),
(854, 'student', 'ADM0407', '$2b$12$/HPKq2yMXloQwOsyLy/5luJ2s9OsxVYi71navrziLIxzgksPbt08q'),
(855, 'parent', 'P0407', '$2b$12$rV/kr5Zaakd0j97zZor8mOwryy22oGsDGTutBqF0zHCKVJqSGvCpK'),
(856, 'student', 'ADM0408', '$2b$12$u9oRgNbX8gufcXW.UiKYgON6mw7Ym7bAI8Xv5WotNCUKSrcpwldx.'),
(857, 'parent', 'P0408', '$2b$12$rV/kr5Zaakd0j97zZor8mOwryy22oGsDGTutBqF0zHCKVJqSGvCpK'),
(858, 'student', 'ADM0409', '$2b$12$NOOLKzVko4nzm.qd/1kTEu2VehSm0BPW/us4YIp0.RXTmjRfBooYS'),
(859, 'parent', 'P0409', '$2b$12$rV/kr5Zaakd0j97zZor8mOwryy22oGsDGTutBqF0zHCKVJqSGvCpK'),
(860, 'student', 'ADM0410', '$2b$12$2OZ8/N/j9TmGiMlkx9NhAu/RsZwaaNI7TQOS12.h1iZKBXFHK0uGS'),
(861, 'parent', 'P0410', '$2b$12$rV/kr5Zaakd0j97zZor8mOwryy22oGsDGTutBqF0zHCKVJqSGvCpK'),
(862, 'student', 'ADM0411', '$2b$12$foMvw9bSRIkpkFvipYRBeuT.3HN02GTyIT5LrWBXUudfI55ObIv5e'),
(863, 'parent', 'P0411', '$2b$12$rV/kr5Zaakd0j97zZor8mOwryy22oGsDGTutBqF0zHCKVJqSGvCpK'),
(864, 'student', 'ADM0412', '$2b$12$PAA.5h3H76J4oZbqtTFYA.QWWkCw2Q45o0eTiYmjg2wloKDSegVRG'),
(865, 'parent', 'P0412', '$2b$12$rV/kr5Zaakd0j97zZor8mOwryy22oGsDGTutBqF0zHCKVJqSGvCpK'),
(866, 'student', 'ADM0413', '$2b$12$kyrIIYkBUMfQ2B22iqRaguQgplOhUsW9wU9rASTMpPFAZfm9lFNw2'),
(867, 'parent', 'P0413', '$2b$12$rV/kr5Zaakd0j97zZor8mOwryy22oGsDGTutBqF0zHCKVJqSGvCpK'),
(868, 'student', 'ADM0414', '$2b$12$dystK9eC3Fpdx.UcskjZJ.EQsBi16lURKtTC2TH0QpMX3xCjvKyGy'),
(869, 'parent', 'P0414', '$2b$12$rV/kr5Zaakd0j97zZor8mOwryy22oGsDGTutBqF0zHCKVJqSGvCpK'),
(870, 'student', 'ADM0415', '$2b$12$tkHd52Uqe7sMj2syKWhbf.9gOsnFK9UrHMzSrr7TppTBMptvcW6mW'),
(871, 'parent', 'P0415', '$2b$12$rV/kr5Zaakd0j97zZor8mOwryy22oGsDGTutBqF0zHCKVJqSGvCpK'),
(872, 'student', 'ADM0416', '$2b$12$HTHgdG.tT77FawB6pDvtEej9ac0bsNrTXC7KBjPqreuLhnCccU8wS'),
(873, 'parent', 'P0416', '$2b$12$rV/kr5Zaakd0j97zZor8mOwryy22oGsDGTutBqF0zHCKVJqSGvCpK'),
(874, 'student', 'ADM0417', '$2b$12$/x.XeZdCJi7rqggJfuZnyuQIajoBNk4sJtTEyY.TDJhAT3BdrUjSO'),
(875, 'parent', 'P0417', '$2b$12$rV/kr5Zaakd0j97zZor8mOwryy22oGsDGTutBqF0zHCKVJqSGvCpK'),
(876, 'student', 'ADM0418', '$2b$12$QddHFpnz2nxoX/FatFgTB.GO1odcRCs5ahLzGUw0A783KVQ3PQCVG'),
(877, 'parent', 'P0418', '$2b$12$rV/kr5Zaakd0j97zZor8mOwryy22oGsDGTutBqF0zHCKVJqSGvCpK'),
(878, 'student', 'ADM0419', '$2b$12$4ExpQ1JsNUCuSXJco8aAJOMjAoRnbVCg7BKeSekGwS.6L6meSA1Uu'),
(879, 'parent', 'P0419', '$2b$12$rV/kr5Zaakd0j97zZor8mOwryy22oGsDGTutBqF0zHCKVJqSGvCpK'),
(880, 'student', 'ADM0420', '$2b$12$I48lWQlI7x5RlWpsMMIh3OU56F8GbGdZpk/vMCISOP0LwWzEKKB3q'),
(881, 'parent', 'P0420', '$2b$12$rV/kr5Zaakd0j97zZor8mOwryy22oGsDGTutBqF0zHCKVJqSGvCpK'),
(882, 'student', 'ADM0421', '$2b$12$A1j0We2GVBGAYNAlNO9x/O4aon6nErlU4QtR39l/AJtXGVMe2bHVK'),
(883, 'parent', 'P0421', '$2b$12$rV/kr5Zaakd0j97zZor8mOwryy22oGsDGTutBqF0zHCKVJqSGvCpK'),
(884, 'student', 'ADM0422', '$2b$12$Ixu29RWCVc3jaavtKjxgI.Y1QqAaBvxhw6todbWwXXjCUDsJ7Xu1q'),
(885, 'parent', 'P0422', '$2b$12$rV/kr5Zaakd0j97zZor8mOwryy22oGsDGTutBqF0zHCKVJqSGvCpK'),
(886, 'student', 'ADM0423', '$2b$12$2LiihvpCl9QAOYGGyik2Lex4L7BZjMwNZwia2FBoD0H1fgC5v040y'),
(887, 'parent', 'P0423', '$2b$12$rV/kr5Zaakd0j97zZor8mOwryy22oGsDGTutBqF0zHCKVJqSGvCpK'),
(888, 'student', 'ADM0424', '$2b$12$BFmyYH2LjVO7xJPTqpxK7O4BF6PtcjqM0wT8mqy1o2wiP0hGl9yfy'),
(889, 'parent', 'P0424', '$2b$12$rV/kr5Zaakd0j97zZor8mOwryy22oGsDGTutBqF0zHCKVJqSGvCpK'),
(890, 'student', 'ADM0425', '$2b$12$chGGFRalcjpnD/Z8L9Bg2.gEmkyTsK.YdL17DcCEA7BmdXeZqKAXC'),
(891, 'parent', 'P0425', '$2b$12$rV/kr5Zaakd0j97zZor8mOwryy22oGsDGTutBqF0zHCKVJqSGvCpK'),
(892, 'student', 'ADM0426', '$2b$12$1HVDvsgpD0moaSZJcVCpW.5JUqdV2FApv6dstgEOmik2fIc.itkMG'),
(893, 'parent', 'P0426', '$2b$12$rV/kr5Zaakd0j97zZor8mOwryy22oGsDGTutBqF0zHCKVJqSGvCpK'),
(894, 'student', 'ADM0427', '$2b$12$bBBU4AU8YIrpbJR6s2tuZenbtISF0g/MUXofOb08w7EZWs.ISEktu'),
(895, 'parent', 'P0427', '$2b$12$rV/kr5Zaakd0j97zZor8mOwryy22oGsDGTutBqF0zHCKVJqSGvCpK'),
(896, 'student', 'ADM0428', '$2b$12$y1lmi5DREQIH98AoN/9Ry.u8wOD4us0xVtgP0ewDswiybmcJWDv1a'),
(897, 'parent', 'P0428', '$2b$12$rV/kr5Zaakd0j97zZor8mOwryy22oGsDGTutBqF0zHCKVJqSGvCpK'),
(898, 'student', 'ADM0429', '$2b$12$nz78MBFVehADlWIL5GTKFOdKnIA8ZCuRSTghV7YB9I8KmexX1PsA6'),
(899, 'parent', 'P0429', '$2b$12$rV/kr5Zaakd0j97zZor8mOwryy22oGsDGTutBqF0zHCKVJqSGvCpK'),
(900, 'student', 'ADM0430', '$2b$12$oBJxmPwAWH7n8wU38EbQc.5Ryku6KT0H28Tos4gmHMmgyVSHkaNia'),
(901, 'parent', 'P0430', '$2b$12$rV/kr5Zaakd0j97zZor8mOwryy22oGsDGTutBqF0zHCKVJqSGvCpK'),
(902, 'student', 'ADM0431', '$2b$12$V6szat3LsLo1HLto8G3u/.PU9wVSn1wvPvkf5Ta4I7sYt0/908jGG'),
(903, 'parent', 'P0431', '$2b$12$rV/kr5Zaakd0j97zZor8mOwryy22oGsDGTutBqF0zHCKVJqSGvCpK'),
(904, 'student', 'ADM0432', '$2b$12$HvsYJtru/FwgB/m6hso58OSAzM7QLqpQBsHfUTskSfQYiGKc8dcwm'),
(905, 'parent', 'P0432', '$2b$12$rV/kr5Zaakd0j97zZor8mOwryy22oGsDGTutBqF0zHCKVJqSGvCpK'),
(906, 'student', 'ADM0433', '$2b$12$tyqXxA0XyRDwfI9LOrFCzuVxecVyRVTsuWPgSVdBnhso2uR7DU4zC'),
(907, 'parent', 'P0433', '$2b$12$rV/kr5Zaakd0j97zZor8mOwryy22oGsDGTutBqF0zHCKVJqSGvCpK'),
(908, 'student', 'ADM0434', '$2b$12$DF/skQjRMqeLoqK7RQy3jObZjFP2fFxA5I4bSIHomFAP05Lzrv0n.'),
(909, 'parent', 'P0434', '$2b$12$rV/kr5Zaakd0j97zZor8mOwryy22oGsDGTutBqF0zHCKVJqSGvCpK'),
(910, 'student', 'ADM0435', '$2b$12$P6R.0qW/nyiht1JqCVn.Xe4.ugwBDVP6L4zj0EJM7PNprIDJk9VK.'),
(911, 'parent', 'P0435', '$2b$12$rV/kr5Zaakd0j97zZor8mOwryy22oGsDGTutBqF0zHCKVJqSGvCpK'),
(912, 'student', 'ADM0436', '$2b$12$hLkj7zKWrccJ9Rcus23lC.2aRKw88v034LXLhcz3ElsRxJpqeW9IC'),
(913, 'parent', 'P0436', '$2b$12$rV/kr5Zaakd0j97zZor8mOwryy22oGsDGTutBqF0zHCKVJqSGvCpK'),
(914, 'student', 'ADM0437', '$2b$12$hZAgQl45I9GY5a0Ku97WyupmB8hTVHcKm7dvpIrBHEvWf2EDx4YO.'),
(915, 'parent', 'P0437', '$2b$12$rV/kr5Zaakd0j97zZor8mOwryy22oGsDGTutBqF0zHCKVJqSGvCpK'),
(916, 'student', 'ADM0438', '$2b$12$G2GcM6NLs0C8YjRZQ4IKeu9ntp4Z6hKpSvSQMEfS.dDwRTwdwSrz.'),
(917, 'parent', 'P0438', '$2b$12$rV/kr5Zaakd0j97zZor8mOwryy22oGsDGTutBqF0zHCKVJqSGvCpK'),
(918, 'student', 'ADM0439', '$2b$12$61PkF4l.zF8iAxlKxkR2GesXWN1RH/98jFNUbb9nB1vXkutumsBUW'),
(919, 'parent', 'P0439', '$2b$12$rV/kr5Zaakd0j97zZor8mOwryy22oGsDGTutBqF0zHCKVJqSGvCpK'),
(920, 'student', 'ADM0440', '$2b$12$cmA.5fe.LPbtq5pj6cNOk.VHBMN9oH32Snjam/vlAxc1lwAdEIs/6'),
(921, 'parent', 'P0440', '$2b$12$rV/kr5Zaakd0j97zZor8mOwryy22oGsDGTutBqF0zHCKVJqSGvCpK'),
(922, 'student', 'ADM0441', '$2b$12$63keTr778jqYP7TmEPb7OeJLLm58h7eq0e7Gh8BwsuSwFi2H1nSVC'),
(923, 'parent', 'P0441', '$2b$12$rV/kr5Zaakd0j97zZor8mOwryy22oGsDGTutBqF0zHCKVJqSGvCpK'),
(924, 'student', 'ADM0442', '$2b$12$ov8jI3Pt.kEMZwPZ4wh//uOQKw/IrtXOrDBsD1z2bcyVb3Bwwlzt6'),
(925, 'parent', 'P0442', '$2b$12$rV/kr5Zaakd0j97zZor8mOwryy22oGsDGTutBqF0zHCKVJqSGvCpK'),
(926, 'student', 'ADM0443', '$2b$12$wNHy/xoEBbzpwCfI36.9c.thdVVMu5ekUp6xkqDy./jvXLFKnzgIe'),
(927, 'parent', 'P0443', '$2b$12$rV/kr5Zaakd0j97zZor8mOwryy22oGsDGTutBqF0zHCKVJqSGvCpK'),
(928, 'student', 'ADM0444', '$2b$12$MUTm5.Cw4I5swnrrsvtZK.pyTkPN2xz0OweXvebLCbfODBa4SLm0y'),
(929, 'parent', 'P0444', '$2b$12$rV/kr5Zaakd0j97zZor8mOwryy22oGsDGTutBqF0zHCKVJqSGvCpK'),
(930, 'student', 'ADM0445', '$2b$12$OWXxJv7cvkws04KECJPON.DOaxqjwkUdqeJUCw/iCF6sjJ6Uii1mu'),
(931, 'parent', 'P0445', '$2b$12$rV/kr5Zaakd0j97zZor8mOwryy22oGsDGTutBqF0zHCKVJqSGvCpK'),
(932, 'student', 'ADM0446', '$2b$12$UW9FPSiqW2WrT0OO.6OPR..Xcntc5oyHUSlqSWbEGvoj6KXItlHTS'),
(933, 'parent', 'P0446', '$2b$12$rV/kr5Zaakd0j97zZor8mOwryy22oGsDGTutBqF0zHCKVJqSGvCpK'),
(934, 'student', 'ADM0447', '$2b$12$645q/YNDvB2YELbOYAt8FOIDXxH5dHEG9XpZOKv46XEKC8jBhhjKe'),
(935, 'parent', 'P0447', '$2b$12$rV/kr5Zaakd0j97zZor8mOwryy22oGsDGTutBqF0zHCKVJqSGvCpK'),
(936, 'student', 'ADM0448', '$2b$12$uG31D2fEkG8UIrM1MCyn6.Pja6YlnKtVNh83dDzRsO9EkKZU94GtS'),
(937, 'parent', 'P0448', '$2b$12$rV/kr5Zaakd0j97zZor8mOwryy22oGsDGTutBqF0zHCKVJqSGvCpK'),
(938, 'student', 'ADM0449', '$2b$12$G3v6qsiV5rJo7Oznt.FLWeJBD7HQgjvo.0lS5iULSekgLiPigkhRO'),
(939, 'parent', 'P0449', '$2b$12$rV/kr5Zaakd0j97zZor8mOwryy22oGsDGTutBqF0zHCKVJqSGvCpK'),
(940, 'student', 'ADM0450', '$2b$12$GIASXizWMi0tPZinZJOiruK1KJzA9Tv7RqbcFym5D/t/jPg70OHIO'),
(941, 'parent', 'P0450', '$2b$12$rV/kr5Zaakd0j97zZor8mOwryy22oGsDGTutBqF0zHCKVJqSGvCpK'),
(942, 'student', 'ADM0451', '$2b$12$CiAE3q1pf9QL.zNCLScgeO8oi5v6BOAAR3hcY1XtOdh/u2s9gdV7S'),
(943, 'parent', 'P0451', '$2b$12$rV/kr5Zaakd0j97zZor8mOwryy22oGsDGTutBqF0zHCKVJqSGvCpK'),
(944, 'student', 'ADM0452', '$2b$12$o3q8d.soDC.U6WLp2cHtl.l6LvgxUDCAMDVHwdnJuz9I67RtGtUJW'),
(945, 'parent', 'P0452', '$2b$12$rV/kr5Zaakd0j97zZor8mOwryy22oGsDGTutBqF0zHCKVJqSGvCpK'),
(946, 'student', 'ADM0453', '$2b$12$8gyICBtU6YFxhXGFNQeQYO7.Hm3TIOmwPQ6Bo4BUT8JLa0kkaaRaC'),
(947, 'parent', 'P0453', '$2b$12$rV/kr5Zaakd0j97zZor8mOwryy22oGsDGTutBqF0zHCKVJqSGvCpK'),
(948, 'student', 'ADM0454', '$2b$12$Q.2xN.43pSydw4eYDLeYfuNL53kWauc6QuaINyNrrQODsiMX1hu3m'),
(949, 'parent', 'P0454', '$2b$12$rV/kr5Zaakd0j97zZor8mOwryy22oGsDGTutBqF0zHCKVJqSGvCpK'),
(950, 'student', 'ADM0455', '$2b$12$CAO2211o3gqifkq60cgAzesIbogQJx59dlpqNTk771m7kczEMfLQS'),
(951, 'parent', 'P0455', '$2b$12$rV/kr5Zaakd0j97zZor8mOwryy22oGsDGTutBqF0zHCKVJqSGvCpK'),
(952, 'student', 'ADM0456', '$2b$12$qWdyxAdh03PfXAVetwBVcOvmEKKfAtcNA9jaKK0jsCmPY8TIlZXLm'),
(953, 'parent', 'P0456', '$2b$12$rV/kr5Zaakd0j97zZor8mOwryy22oGsDGTutBqF0zHCKVJqSGvCpK'),
(954, 'student', 'ADM0457', '$2b$12$NybqIC7faMw7Bt6.3Zps1uQwWVgdz2oqRikkFRpYrJbIih57bG0j2'),
(955, 'parent', 'P0457', '$2b$12$rV/kr5Zaakd0j97zZor8mOwryy22oGsDGTutBqF0zHCKVJqSGvCpK'),
(956, 'student', 'ADM0458', '$2b$12$992PgAHfoePf3h29xUrKeOESBl6bTWVfo3ZELUrqUwBrx/wVSWOOy'),
(957, 'parent', 'P0458', '$2b$12$rV/kr5Zaakd0j97zZor8mOwryy22oGsDGTutBqF0zHCKVJqSGvCpK'),
(958, 'student', 'ADM0459', '$2b$12$OXXm1pprJHS.5ZEybJkbUevySiSYdbnVtXPFwveXxhlwrVrEsk9gW'),
(959, 'parent', 'P0459', '$2b$12$rV/kr5Zaakd0j97zZor8mOwryy22oGsDGTutBqF0zHCKVJqSGvCpK'),
(960, 'student', 'ADM0460', '$2b$12$hdT3O8RhfU9J6AYb37klBuVdEWL55PP2sVmkFLBQTJgJFGREcEDKy'),
(961, 'parent', 'P0460', '$2b$12$rV/kr5Zaakd0j97zZor8mOwryy22oGsDGTutBqF0zHCKVJqSGvCpK'),
(962, 'student', 'ADM0461', '$2b$12$47.hhrk1Hzpvs3iaZp7SyOtJA49nf8Mya6GvsJPW15fP2xgCmGzOC'),
(963, 'parent', 'P0461', '$2b$12$rV/kr5Zaakd0j97zZor8mOwryy22oGsDGTutBqF0zHCKVJqSGvCpK'),
(964, 'student', 'ADM0462', '$2b$12$Sv47v47CgqkuIJDxoHY1Fu2LUic.4hvYkU50V5fR7gbL1pDKbZNTG'),
(965, 'parent', 'P0462', '$2b$12$rV/kr5Zaakd0j97zZor8mOwryy22oGsDGTutBqF0zHCKVJqSGvCpK'),
(966, 'student', 'ADM0463', '$2b$12$b0RjSVxnjowkOpjYJ0elQ.WLyF.KlKpDAgjYwBuRgm2uhyMDhrEGC'),
(967, 'parent', 'P0463', '$2b$12$rV/kr5Zaakd0j97zZor8mOwryy22oGsDGTutBqF0zHCKVJqSGvCpK'),
(968, 'student', 'ADM0464', '$2b$12$g9HzVkjcUacpKtz6B7p8IehS7GBL3.F8ci9Ep608uh4rUA7pxRdPO'),
(969, 'parent', 'P0464', '$2b$12$rV/kr5Zaakd0j97zZor8mOwryy22oGsDGTutBqF0zHCKVJqSGvCpK'),
(970, 'student', 'ADM0465', '$2b$12$KQYDsBOi28waoEjwC3K3aO5IqDh9HVY4NfrHxBHDz2NEuIdXf/58a'),
(971, 'parent', 'P0465', '$2b$12$rV/kr5Zaakd0j97zZor8mOwryy22oGsDGTutBqF0zHCKVJqSGvCpK'),
(972, 'student', 'ADM0466', '$2b$12$5nOTBRwYbJDlFy8QOSqHYOc2vWYrnEKsmealRvKNzucy3ZqEDXq8q'),
(973, 'parent', 'P0466', '$2b$12$rV/kr5Zaakd0j97zZor8mOwryy22oGsDGTutBqF0zHCKVJqSGvCpK'),
(974, 'student', 'ADM0467', '$2b$12$DE72PBJ7OcMmAz0uYVi7iOVul1EP1pNYq42jLw9A/8xmPeyM6sIsm'),
(975, 'parent', 'P0467', '$2b$12$rV/kr5Zaakd0j97zZor8mOwryy22oGsDGTutBqF0zHCKVJqSGvCpK'),
(976, 'student', 'ADM0468', '$2b$12$JN3Ay21W.elat34CvHPa5.UzR3O09KYwZvL0MmNSTw8ne6mc3cMnS'),
(977, 'parent', 'P0468', '$2b$12$rV/kr5Zaakd0j97zZor8mOwryy22oGsDGTutBqF0zHCKVJqSGvCpK'),
(978, 'student', 'ADM0469', '$2b$12$fdspGk7DfLt6i9mM8HTACeQ6f.atTQ5kaY8hMJhgnu0iK5QXp26GS'),
(979, 'parent', 'P0469', '$2b$12$rV/kr5Zaakd0j97zZor8mOwryy22oGsDGTutBqF0zHCKVJqSGvCpK'),
(980, 'student', 'ADM0470', '$2b$12$neud1VlrChBMxR98TTdxn.Y4Km1Ipvn9nnaUcjJ8FGpljBUZclica'),
(981, 'parent', 'P0470', '$2b$12$rV/kr5Zaakd0j97zZor8mOwryy22oGsDGTutBqF0zHCKVJqSGvCpK'),
(982, 'student', 'ADM0471', '$2b$12$hVAsSfKQglilSgjmCw0W4OjLlHRdlqKIloKm6TmF4i8iDhwXtGI2W'),
(983, 'parent', 'P0471', '$2b$12$rV/kr5Zaakd0j97zZor8mOwryy22oGsDGTutBqF0zHCKVJqSGvCpK'),
(984, 'student', 'ADM0472', '$2b$12$BBYHZDoJraWAN9jg0.Gq3eaMI8cysmgKDU6PtSdbNQtCzEvYXNAeG'),
(985, 'parent', 'P0472', '$2b$12$rV/kr5Zaakd0j97zZor8mOwryy22oGsDGTutBqF0zHCKVJqSGvCpK'),
(986, 'student', 'ADM0473', '$2b$12$bkEytO0aHOSlrzcq6rtZquYGd94761X1XmGdU3ZVitBUBa2vmzbyi'),
(987, 'parent', 'P0473', '$2b$12$rV/kr5Zaakd0j97zZor8mOwryy22oGsDGTutBqF0zHCKVJqSGvCpK'),
(988, 'student', 'ADM0474', '$2b$12$JzGu7r.MSb8e6J8IiZYQgOlLOQLS4Dz7JvBD90062p0SYDS8GUE.K'),
(989, 'parent', 'P0474', '$2b$12$rV/kr5Zaakd0j97zZor8mOwryy22oGsDGTutBqF0zHCKVJqSGvCpK'),
(990, 'student', 'ADM0475', '$2b$12$rzEpsr42qsoWFzQQK90nYu3zGY4BCV58zpn4/ebm5MeiiRmz6W24C'),
(991, 'parent', 'P0475', '$2b$12$rV/kr5Zaakd0j97zZor8mOwryy22oGsDGTutBqF0zHCKVJqSGvCpK'),
(992, 'student', 'ADM0476', '$2b$12$zzsmmtNP9FGBQEdg0Aqf9eDJPuonGZgKHRnNN9qsdBliwVCsjP91G'),
(993, 'parent', 'P0476', '$2b$12$rV/kr5Zaakd0j97zZor8mOwryy22oGsDGTutBqF0zHCKVJqSGvCpK'),
(994, 'student', 'ADM0477', '$2b$12$3L9zYSuwpnUZxbjcJZqbneeuLuWgA1cc1YD1XivqjiwKE8/tS9mi2'),
(995, 'parent', 'P0477', '$2b$12$rV/kr5Zaakd0j97zZor8mOwryy22oGsDGTutBqF0zHCKVJqSGvCpK'),
(996, 'student', 'ADM0478', '$2b$12$H31bJ.ZzwqpFMZ2HFZPJC.rFX5RUDAaxDS.wdJHqdgVeTgq31jvTG'),
(997, 'parent', 'P0478', '$2b$12$rV/kr5Zaakd0j97zZor8mOwryy22oGsDGTutBqF0zHCKVJqSGvCpK'),
(998, 'student', 'ADM0479', '$2b$12$ARLxYw8TZnX6AC5nrt.WVeHwhHBMo2cOJrNGG2StERBc0ZVKxxayi'),
(999, 'parent', 'P0479', '$2b$12$rV/kr5Zaakd0j97zZor8mOwryy22oGsDGTutBqF0zHCKVJqSGvCpK'),
(1000, 'student', 'ADM0480', '$2b$12$b3sErN1LRTCt8n0vvqz9PuyE4l5pbrjqRa0pZN02zEv/1NvLx/p6y');

INSERT INTO users (id, role, username, password_hash) VALUES
(1001, 'parent', 'P0480', '$2b$12$rV/kr5Zaakd0j97zZor8mOwryy22oGsDGTutBqF0zHCKVJqSGvCpK'),
(1002, 'student', 'ADM0481', '$2b$12$wVyOE9B0msn0236u1Yg6Eu2Gbs0KDmGmQy/6Lp6vbrZUMeJ/7Ri8.'),
(1003, 'parent', 'P0481', '$2b$12$rV/kr5Zaakd0j97zZor8mOwryy22oGsDGTutBqF0zHCKVJqSGvCpK'),
(1004, 'student', 'ADM0482', '$2b$12$fCzwPmVUPkiDABwLJ7imZ.MSRGFmtPsjORud34onp5Y.K0FkrZxCa'),
(1005, 'parent', 'P0482', '$2b$12$rV/kr5Zaakd0j97zZor8mOwryy22oGsDGTutBqF0zHCKVJqSGvCpK'),
(1006, 'student', 'ADM0483', '$2b$12$KaYOuzRMIulbqU8w/gKe3OUKeljMokYQ4BnP49lofXc4TrTxZqyNi'),
(1007, 'parent', 'P0483', '$2b$12$rV/kr5Zaakd0j97zZor8mOwryy22oGsDGTutBqF0zHCKVJqSGvCpK'),
(1008, 'student', 'ADM0484', '$2b$12$9x/1PMPen6ZPxJPpGlHC6OPTFPyp0hcF5Hgy1Mkt/HvNdbKzaCHTG'),
(1009, 'parent', 'P0484', '$2b$12$rV/kr5Zaakd0j97zZor8mOwryy22oGsDGTutBqF0zHCKVJqSGvCpK'),
(1010, 'student', 'ADM0485', '$2b$12$wpyQU2okvhSFog21N2LXTuqjDeYZ2D68kkQ2K48WnC0d57vizxoBS'),
(1011, 'parent', 'P0485', '$2b$12$rV/kr5Zaakd0j97zZor8mOwryy22oGsDGTutBqF0zHCKVJqSGvCpK'),
(1012, 'student', 'ADM0486', '$2b$12$BYx.GgevejjiQeeTYenNYOvHnTk5Hl9Uwmok4bkgRHTF.n6wzf0eW'),
(1013, 'parent', 'P0486', '$2b$12$rV/kr5Zaakd0j97zZor8mOwryy22oGsDGTutBqF0zHCKVJqSGvCpK'),
(1014, 'student', 'ADM0487', '$2b$12$7hMwweRKyJTTAymAFu9Jieucffx0Q4erGpAr2OHX0QQ4WXV.gUwfe'),
(1015, 'parent', 'P0487', '$2b$12$rV/kr5Zaakd0j97zZor8mOwryy22oGsDGTutBqF0zHCKVJqSGvCpK'),
(1016, 'student', 'ADM0488', '$2b$12$6XcrlEJSMwdtvOqryRGBkuYTZWCsUuxcnM1asiYoFrKjkJbTKfmw6'),
(1017, 'parent', 'P0488', '$2b$12$rV/kr5Zaakd0j97zZor8mOwryy22oGsDGTutBqF0zHCKVJqSGvCpK'),
(1018, 'student', 'ADM0489', '$2b$12$q8T8.LGW5PWyMR1fVlz4lONmITUWsdY1Rzaygk.UtSYO0hgbyKXWG'),
(1019, 'parent', 'P0489', '$2b$12$rV/kr5Zaakd0j97zZor8mOwryy22oGsDGTutBqF0zHCKVJqSGvCpK'),
(1020, 'student', 'ADM0490', '$2b$12$QDM2Ynmu.8y/M9lqvg21ieKCwNrINZRbc1Yep2GlwWWLpz6Ybss9O'),
(1021, 'parent', 'P0490', '$2b$12$rV/kr5Zaakd0j97zZor8mOwryy22oGsDGTutBqF0zHCKVJqSGvCpK'),
(1022, 'student', 'ADM0491', '$2b$12$Qksc2UYaokb8kQG71SYrGefm2VUbQ/ZMbRMST/XvawnOmOXD6dWY6'),
(1023, 'parent', 'P0491', '$2b$12$rV/kr5Zaakd0j97zZor8mOwryy22oGsDGTutBqF0zHCKVJqSGvCpK'),
(1024, 'student', 'ADM0492', '$2b$12$wsHFACVex9IC6ImgU8nbq.wUcAZ9MFfZbWZnZJnludaUuWih8uDe.'),
(1025, 'parent', 'P0492', '$2b$12$rV/kr5Zaakd0j97zZor8mOwryy22oGsDGTutBqF0zHCKVJqSGvCpK'),
(1026, 'student', 'ADM0493', '$2b$12$28Xa7moPzOv5HfB91dtV7eZoHT8Iyghc4EQ9jmor5UU7kICdQdN/K'),
(1027, 'parent', 'P0493', '$2b$12$rV/kr5Zaakd0j97zZor8mOwryy22oGsDGTutBqF0zHCKVJqSGvCpK'),
(1028, 'student', 'ADM0494', '$2b$12$0GXlx8mlSKrJBvfaIk/qGO/q3GS188NP2A8UiR.NRNKH0/R/2dyY6'),
(1029, 'parent', 'P0494', '$2b$12$rV/kr5Zaakd0j97zZor8mOwryy22oGsDGTutBqF0zHCKVJqSGvCpK'),
(1030, 'student', 'ADM0495', '$2b$12$qM6jcA3/lTLr30y4xHQAAOeUFseZfcYxhg/irIrK1r63ivZL90.wi'),
(1031, 'parent', 'P0495', '$2b$12$rV/kr5Zaakd0j97zZor8mOwryy22oGsDGTutBqF0zHCKVJqSGvCpK'),
(1032, 'student', 'ADM0496', '$2b$12$JUdzBjscHC8nwRzoFzVIE.CoTz4Krx3mPKvWUaf1.ouu1uSF19SDi'),
(1033, 'parent', 'P0496', '$2b$12$rV/kr5Zaakd0j97zZor8mOwryy22oGsDGTutBqF0zHCKVJqSGvCpK'),
(1034, 'student', 'ADM0497', '$2b$12$55S02qv8/omlnL9s4XoHfOvOAXHBWPJ3wuVxzVHn5j6EzdixBpwJy'),
(1035, 'parent', 'P0497', '$2b$12$rV/kr5Zaakd0j97zZor8mOwryy22oGsDGTutBqF0zHCKVJqSGvCpK'),
(1036, 'student', 'ADM0498', '$2b$12$XEz2Wxyw887OVRBnFvwcxeSJ1DtiufLiBGGy7LsIF.i6lJsNV.cjm'),
(1037, 'parent', 'P0498', '$2b$12$rV/kr5Zaakd0j97zZor8mOwryy22oGsDGTutBqF0zHCKVJqSGvCpK'),
(1038, 'student', 'ADM0499', '$2b$12$6Y8m5qZwfT1fWwS4vFtyTeEx81KYcFOIBh7anlzpzS7.fqpxOr23u'),
(1039, 'parent', 'P0499', '$2b$12$rV/kr5Zaakd0j97zZor8mOwryy22oGsDGTutBqF0zHCKVJqSGvCpK'),
(1040, 'student', 'ADM0500', '$2b$12$CVx4Cy.V0c8/aLa3lOv4zuo6qXjIdXNjpBukcVoV.UJmrJHi./eQq'),
(1041, 'parent', 'P0500', '$2b$12$rV/kr5Zaakd0j97zZor8mOwryy22oGsDGTutBqF0zHCKVJqSGvCpK');

INSERT INTO classes (id, name, grade, section, academic_year) VALUES
(1, '8-A', 8, 'A', '2025-2026'),
(2, '8-B', 8, 'B', '2025-2026'),
(3, '8-C', 8, 'C', '2025-2026'),
(4, '8-D', 8, 'D', '2025-2026'),
(5, '9-A', 9, 'A', '2025-2026'),
(6, '9-B', 9, 'B', '2025-2026'),
(7, '9-C', 9, 'C', '2025-2026'),
(8, '9-D', 9, 'D', '2025-2026'),
(9, '10-A', 10, 'A', '2025-2026'),
(10, '10-B', 10, 'B', '2025-2026'),
(11, '10-C', 10, 'C', '2025-2026'),
(12, '10-D', 10, 'D', '2025-2026'),
(13, '11-A', 11, 'A', '2025-2026'),
(14, '11-B', 11, 'B', '2025-2026'),
(15, '11-C', 11, 'C', '2025-2026'),
(16, '11-D', 11, 'D', '2025-2026'),
(17, '12-A', 12, 'A', '2025-2026'),
(18, '12-B', 12, 'B', '2025-2026'),
(19, '12-C', 12, 'C', '2025-2026'),
(20, '12-D', 12, 'D', '2025-2026');

INSERT INTO subjects (id, name, code) VALUES
(1, 'Mathematics', 'MATH'),
(2, 'English Literature', 'ENG'),
(3, 'Physics', 'PHY'),
(4, 'Chemistry', 'CHEM'),
(5, 'Biology', 'BIO'),
(6, 'Computer Science', 'CS'),
(7, 'History', 'HIST'),
(8, 'Geography', 'GEO'),
(9, 'Physical Education', 'PE'),
(10, 'Economics', 'ECON'),
(11, 'Accountancy', 'ACC'),
(12, 'Business Studies', 'BUS');

INSERT INTO teachers (id, user_id, employee_id, first_name, last_name, department, email, phone, qualification) VALUES
(1, 2, 'T001', 'Laura', 'Chung', 'Science', 'laura.chung@school.edu', '9331465833', 'M.Ed'),
(2, 3, 'T002', 'Stephen', 'Smith', 'Technology', 'stephen.smith@school.edu', '1879524369', 'M.Sc'),
(3, 4, 'T003', 'Mary', 'Johnson', 'Science', 'mary.johnson@school.edu', '4272017947', 'M.Ed'),
(4, 5, 'T004', 'Steve', 'Davis', 'Commerce', 'steve.davis@school.edu', '2465720458', 'B.Ed'),
(5, 6, 'T005', 'Barbara', 'Smith', 'Sports', 'barbara.smith@school.edu', '7382355240', 'M.Ed'),
(6, 7, 'T006', 'Richard', 'Johnson', 'Science', 'richard.johnson@school.edu', '1840601585', 'M.Sc'),
(7, 8, 'T007', 'Joshua', 'Miller', 'Technology', 'joshua.miller@school.edu', '6302273874', 'M.Ed'),
(8, 9, 'T008', 'Jesse', 'Flores', 'Technology', 'jesse.flores@school.edu', '5585200455', 'B.Ed'),
(9, 10, 'T009', 'Tanya', 'Mcknight', 'Science', 'tanya.mcknight@school.edu', '9389514745', 'M.A'),
(10, 11, 'T010', 'Jonathan', 'Santos', 'Sports', 'jonathan.santos@school.edu', '6634647959', 'B.Ed'),
(11, 12, 'T011', 'Joseph', 'Sullivan', 'Science', 'joseph.sullivan@school.edu', '9524063409', 'B.Ed'),
(12, 13, 'T012', 'Sherry', 'Medina', 'Science', 'sherry.medina@school.edu', '8132480381', 'B.Ed'),
(13, 14, 'T013', 'Jason', 'Edwards', 'Humanities', 'jason.edwards@school.edu', '5761398340', 'M.Ed'),
(14, 15, 'T014', 'Valerie', 'Randolph', 'Humanities', 'valerie.randolph@school.edu', '7675067559', 'M.Ed'),
(15, 16, 'T015', 'Susan', 'Wall', 'Languages', 'susan.wall@school.edu', '5553339419', 'B.Ed'),
(16, 17, 'T016', 'Alexa', 'Bennett', 'Languages', 'alexa.bennett@school.edu', '1387133051', 'M.Sc'),
(17, 18, 'T017', 'Megan', 'Hanna', 'Languages', 'megan.hanna@school.edu', '3130256680', 'M.A'),
(18, 19, 'T018', 'Rebecca', 'Thompson', 'Science', 'rebecca.thompson@school.edu', '3390182373', 'M.Sc'),
(19, 20, 'T019', 'Emily', 'Rice', 'Mathematics', 'emily.rice@school.edu', '3076117353', 'M.Sc'),
(20, 21, 'T020', 'Stephen', 'Williams', 'Science', 'stephen.williams@school.edu', '7514023268', 'M.Sc'),
(21, 22, 'T021', 'Leslie', 'Clark', 'Sports', 'leslie.clark@school.edu', '3413064204', 'M.A'),
(22, 23, 'T022', 'Patrick', 'Farmer', 'Mathematics', 'patrick.farmer@school.edu', '1845601810', 'B.Ed'),
(23, 24, 'T023', 'Amy', 'Park', 'Science', 'amy.park@school.edu', '5424958013', 'M.Ed'),
(24, 25, 'T024', 'Alexander', 'Sutton', 'Technology', 'alexander.sutton@school.edu', '8577766444', 'M.Ed'),
(25, 26, 'T025', 'Angela', 'Miller', 'Sports', 'angela.miller@school.edu', '8697438557', 'M.Sc'),
(26, 27, 'T026', 'Hannah', 'Combs', 'Mathematics', 'hannah.combs@school.edu', '4000795309', 'M.Sc'),
(27, 28, 'T027', 'Anthony', 'Rodriguez', 'Technology', 'anthony.rodriguez@school.edu', '8323529668', 'M.Sc'),
(28, 29, 'T028', 'Sarah', 'Combs', 'Languages', 'sarah.combs@school.edu', '4280023710', 'B.Ed'),
(29, 30, 'T029', 'Catherine', 'House', 'Mathematics', 'catherine.house@school.edu', '7371846000', 'M.Ed'),
(30, 31, 'T030', 'Loretta', 'Matthews', 'Humanities', 'loretta.matthews@school.edu', '2486313156', 'M.Sc'),
(31, 32, 'T031', 'Edward', 'Reeves', 'Sports', 'edward.reeves@school.edu', '7205663698', 'M.Sc'),
(32, 33, 'T032', 'Randy', 'Daniel', 'Humanities', 'randy.daniel@school.edu', '3579863338', 'M.Sc'),
(33, 34, 'T033', 'Frank', 'Rogers', 'Sports', 'frank.rogers@school.edu', '3104516222', 'M.A'),
(34, 35, 'T034', 'Barbara', 'Torres', 'Mathematics', 'barbara.torres@school.edu', '9234460148', 'M.Sc'),
(35, 36, 'T035', 'Katherine', 'Ryan', 'Commerce', 'katherine.ryan@school.edu', '8987343958', 'M.Ed'),
(36, 37, 'T036', 'Johnathan', 'Ortiz', 'Sports', 'johnathan.ortiz@school.edu', '3242418895', 'M.Sc'),
(37, 38, 'T037', 'Kayla', 'Fox', 'Sports', 'kayla.fox@school.edu', '2862682807', 'M.Ed'),
(38, 39, 'T038', 'Sarah', 'Tapia', 'Science', 'sarah.tapia@school.edu', '4410498088', 'M.A'),
(39, 40, 'T039', 'Laura', 'Collins', 'Technology', 'laura.collins@school.edu', '8535439249', 'M.Sc'),
(40, 41, 'T040', 'Daniel', 'Charles', 'Science', 'daniel.charles@school.edu', '3762130892', 'M.Sc');

INSERT INTO class_subjects (id, class_id, subject_id, teacher_id) VALUES
(1, 1, 1, 12),
(2, 1, 2, 33),
(3, 1, 3, 39),
(4, 1, 4, 22),
(5, 1, 5, 5),
(6, 1, 7, 2),
(7, 1, 8, 32),
(8, 2, 1, 19),
(9, 2, 2, 32),
(10, 2, 3, 1),
(11, 2, 4, 7),
(12, 2, 5, 5),
(13, 2, 7, 9),
(14, 2, 8, 5),
(15, 3, 1, 14),
(16, 3, 2, 27),
(17, 3, 3, 12),
(18, 3, 4, 28),
(19, 3, 5, 1),
(20, 3, 7, 15),
(21, 3, 8, 26),
(22, 4, 1, 16),
(23, 4, 2, 19),
(24, 4, 3, 24),
(25, 4, 4, 34),
(26, 4, 5, 31),
(27, 4, 7, 31),
(28, 4, 8, 26),
(29, 5, 1, 14),
(30, 5, 2, 19),
(31, 5, 3, 19),
(32, 5, 4, 19),
(33, 5, 5, 36),
(34, 5, 7, 15),
(35, 5, 8, 14),
(36, 6, 1, 5),
(37, 6, 2, 22),
(38, 6, 3, 29),
(39, 6, 4, 8),
(40, 6, 5, 36),
(41, 6, 7, 7),
(42, 6, 8, 36),
(43, 7, 1, 14),
(44, 7, 2, 32),
(45, 7, 3, 35),
(46, 7, 4, 23),
(47, 7, 5, 1),
(48, 7, 7, 37),
(49, 7, 8, 22),
(50, 8, 1, 5),
(51, 8, 2, 14),
(52, 8, 3, 14),
(53, 8, 4, 29),
(54, 8, 5, 12),
(55, 8, 7, 40),
(56, 8, 8, 35),
(57, 9, 1, 17),
(58, 9, 2, 39),
(59, 9, 3, 17),
(60, 9, 4, 4),
(61, 9, 5, 6),
(62, 9, 7, 18),
(63, 9, 8, 14),
(64, 10, 1, 2),
(65, 10, 2, 40),
(66, 10, 3, 39),
(67, 10, 4, 18),
(68, 10, 5, 20),
(69, 10, 7, 21),
(70, 10, 8, 32),
(71, 11, 1, 16),
(72, 11, 2, 25),
(73, 11, 3, 36),
(74, 11, 4, 4),
(75, 11, 5, 36),
(76, 11, 7, 27),
(77, 11, 8, 34),
(78, 12, 1, 40),
(79, 12, 2, 40),
(80, 12, 3, 19),
(81, 12, 4, 20),
(82, 12, 5, 18),
(83, 12, 7, 33),
(84, 12, 8, 38),
(85, 13, 2, 2),
(86, 13, 10, 10),
(87, 13, 11, 39),
(88, 13, 12, 33),
(89, 13, 6, 23),
(90, 14, 2, 26),
(91, 14, 10, 3),
(92, 14, 11, 26),
(93, 14, 12, 21),
(94, 14, 6, 22),
(95, 15, 2, 38),
(96, 15, 10, 31),
(97, 15, 11, 24),
(98, 15, 12, 40),
(99, 15, 6, 18),
(100, 16, 2, 16),
(101, 16, 10, 25),
(102, 16, 11, 26),
(103, 16, 12, 36),
(104, 16, 6, 28),
(105, 17, 2, 17),
(106, 17, 10, 29),
(107, 17, 11, 33),
(108, 17, 12, 29),
(109, 17, 6, 21),
(110, 18, 2, 34),
(111, 18, 10, 28),
(112, 18, 11, 27),
(113, 18, 12, 40),
(114, 18, 6, 32),
(115, 19, 2, 40),
(116, 19, 10, 33),
(117, 19, 11, 6),
(118, 19, 12, 18),
(119, 19, 6, 34),
(120, 20, 2, 31),
(121, 20, 10, 16),
(122, 20, 11, 10),
(123, 20, 12, 13),
(124, 20, 6, 8);

INSERT INTO students (id, user_id, admission_number, first_name, last_name, date_of_birth, gender, class_id, roll_number, email, phone) VALUES
(1, 42, 'ADM0001', 'Jennifer', 'Robbins', '2012-05-03', 'M', 1, 1, 'jennifer.robbins@student.school.edu', '2009487714'),
(2, 44, 'ADM0002', 'Desiree', 'Mcclure', '2012-03-14', 'F', 1, 2, 'desiree.mcclure@student.school.edu', '4959017351'),
(3, 46, 'ADM0003', 'Kristi', 'Schwartz', '2012-09-25', 'M', 1, 3, 'kristi.schwartz@student.school.edu', '3540886136'),
(4, 48, 'ADM0004', 'Priscilla', 'Taylor', '2012-05-01', 'M', 1, 4, 'priscilla.taylor@student.school.edu', '4752526084'),
(5, 50, 'ADM0005', 'Patricia', 'Murphy', '2012-03-14', 'F', 1, 5, 'patricia.murphy@student.school.edu', '5395813776'),
(6, 52, 'ADM0006', 'Christopher', 'Dillon', '2012-11-20', 'F', 1, 6, 'christopher.dillon@student.school.edu', '5192584283'),
(7, 54, 'ADM0007', 'Bridget', 'Stephens', '2012-09-29', 'F', 1, 7, 'bridget.stephens@student.school.edu', '9927483753'),
(8, 56, 'ADM0008', 'Michael', 'Perez', '2012-02-22', 'F', 1, 8, 'michael.perez@student.school.edu', '3372220958'),
(9, 58, 'ADM0009', 'Shawn', 'Pennington', '2012-02-09', 'M', 1, 9, 'shawn.pennington@student.school.edu', '8177134327'),
(10, 60, 'ADM0010', 'Monique', 'Hurst', '2012-10-07', 'M', 1, 10, 'monique.hurst@student.school.edu', '9786602351'),
(11, 62, 'ADM0011', 'Nicholas', 'Morris', '2012-01-09', 'F', 1, 11, 'nicholas.morris@student.school.edu', '3254256994'),
(12, 64, 'ADM0012', 'Maria', 'Chapman', '2012-10-24', 'F', 1, 12, 'maria.chapman@student.school.edu', '8044500335'),
(13, 66, 'ADM0013', 'Courtney', 'Delacruz', '2012-09-25', 'M', 1, 13, 'courtney.delacruz@student.school.edu', '1416409755'),
(14, 68, 'ADM0014', 'Dennis', 'Edwards', '2012-02-14', 'M', 1, 14, 'dennis.edwards@student.school.edu', '1879948845'),
(15, 70, 'ADM0015', 'Katie', 'Mcknight', '2012-05-25', 'M', 1, 15, 'katie.mcknight@student.school.edu', '5643829479'),
(16, 72, 'ADM0016', 'Brian', 'Martin', '2012-01-20', 'M', 1, 16, 'brian.martin@student.school.edu', '2407133062'),
(17, 74, 'ADM0017', 'Jon', 'Reynolds', '2012-04-09', 'M', 1, 17, 'jon.reynolds@student.school.edu', '9295083722'),
(18, 76, 'ADM0018', 'Lauren', 'Vargas', '2012-05-07', 'F', 1, 18, 'lauren.vargas@student.school.edu', '1462474337'),
(19, 78, 'ADM0019', 'David', 'Brown', '2012-09-20', 'M', 1, 19, 'david.brown@student.school.edu', '1309584114'),
(20, 80, 'ADM0020', 'Alexander', 'Williams', '2012-09-18', 'F', 1, 20, 'alexander.williams@student.school.edu', '4620771773'),
(21, 82, 'ADM0021', 'Stephanie', 'Harrison', '2012-11-25', 'M', 1, 21, 'stephanie.harrison@student.school.edu', '9077079855'),
(22, 84, 'ADM0022', 'Susan', 'Barker', '2012-10-15', 'F', 1, 22, 'susan.barker@student.school.edu', '9373538434'),
(23, 86, 'ADM0023', 'Tiffany', 'Lynn', '2012-11-16', 'M', 1, 23, 'tiffany.lynn@student.school.edu', '6111528194'),
(24, 88, 'ADM0024', 'Linda', 'Willis', '2012-12-23', 'M', 1, 24, 'linda.willis@student.school.edu', '5655243653'),
(25, 90, 'ADM0025', 'Jose', 'Collins', '2012-09-05', 'F', 1, 25, 'jose.collins@student.school.edu', '4442572157'),
(26, 92, 'ADM0026', 'Peter', 'Robinson', '2012-03-18', 'F', 2, 1, 'peter.robinson@student.school.edu', '5646658051'),
(27, 94, 'ADM0027', 'James', 'Adkins', '2012-05-22', 'M', 2, 2, 'james.adkins@student.school.edu', '3216725768'),
(28, 96, 'ADM0028', 'Eric', 'Walker', '2012-01-09', 'M', 2, 3, 'eric.walker@student.school.edu', '3481359210'),
(29, 98, 'ADM0029', 'Laurie', 'Murphy', '2012-11-13', 'F', 2, 4, 'laurie.murphy@student.school.edu', '7279162943'),
(30, 100, 'ADM0030', 'Tanner', 'Adams', '2012-06-17', 'F', 2, 5, 'tanner.adams@student.school.edu', '6945176198'),
(31, 102, 'ADM0031', 'Darrell', 'Martin', '2012-07-15', 'F', 2, 6, 'darrell.martin@student.school.edu', '5330898748'),
(32, 104, 'ADM0032', 'Martin', 'Wilkinson', '2012-07-15', 'F', 2, 7, 'martin.wilkinson@student.school.edu', '5541055669'),
(33, 106, 'ADM0033', 'Debbie', 'Alvarado', '2012-02-25', 'F', 2, 8, 'debbie.alvarado@student.school.edu', '2990362048'),
(34, 108, 'ADM0034', 'Joe', 'Hayes', '2012-04-10', 'M', 2, 9, 'joe.hayes@student.school.edu', '2331372692'),
(35, 110, 'ADM0035', 'Courtney', 'Oneal', '2012-02-13', 'M', 2, 10, 'courtney.oneal@student.school.edu', '5501196424'),
(36, 112, 'ADM0036', 'Amy', 'Collins', '2012-03-20', 'F', 2, 11, 'amy.collins@student.school.edu', '9557229391'),
(37, 114, 'ADM0037', 'Rebecca', 'Pittman', '2012-02-09', 'F', 2, 12, 'rebecca.pittman@student.school.edu', '9396611902'),
(38, 116, 'ADM0038', 'Matthew', 'Herrera', '2012-04-30', 'M', 2, 13, 'matthew.herrera@student.school.edu', '3524989349'),
(39, 118, 'ADM0039', 'Christopher', 'Garcia', '2012-08-12', 'M', 2, 14, 'christopher.garcia@student.school.edu', '2608069956'),
(40, 120, 'ADM0040', 'James', 'Brown', '2012-07-06', 'F', 2, 15, 'james.brown@student.school.edu', '4050872165'),
(41, 122, 'ADM0041', 'Luis', 'Willis', '2012-02-24', 'M', 2, 16, 'luis.willis@student.school.edu', '1251489878'),
(42, 124, 'ADM0042', 'Mary', 'Peters', '2012-05-02', 'F', 2, 17, 'mary.peters@student.school.edu', '5467237337'),
(43, 126, 'ADM0043', 'Emma', 'Parks', '2012-06-06', 'M', 2, 18, 'emma.parks@student.school.edu', '6778085810'),
(44, 128, 'ADM0044', 'Amanda', 'Marks', '2012-06-01', 'F', 2, 19, 'amanda.marks@student.school.edu', '7102778320'),
(45, 130, 'ADM0045', 'Jessica', 'Clark', '2012-05-23', 'M', 2, 20, 'jessica.clark@student.school.edu', '8754983483'),
(46, 132, 'ADM0046', 'Alexander', 'Wagner', '2012-01-10', 'F', 2, 21, 'alexander.wagner@student.school.edu', '6382937348'),
(47, 134, 'ADM0047', 'Anthony', 'Li', '2012-08-17', 'M', 2, 22, 'anthony.li@student.school.edu', '7103065688'),
(48, 136, 'ADM0048', 'Denise', 'Jimenez', '2012-10-28', 'F', 2, 23, 'denise.jimenez@student.school.edu', '9708114808'),
(49, 138, 'ADM0049', 'Teresa', 'Gay', '2012-07-25', 'F', 2, 24, 'teresa.gay@student.school.edu', '4083413134'),
(50, 140, 'ADM0050', 'Jamie', 'Smith', '2012-07-29', 'M', 2, 25, 'jamie.smith@student.school.edu', '9769058658'),
(51, 142, 'ADM0051', 'Erin', 'Mcdonald', '2012-06-11', 'M', 3, 1, 'erin.mcdonald@student.school.edu', '7463915426'),
(52, 144, 'ADM0052', 'Lindsey', 'Zuniga', '2012-09-02', 'M', 3, 2, 'lindsey.zuniga@student.school.edu', '2389336228'),
(53, 146, 'ADM0053', 'Joseph', 'Davis', '2012-09-18', 'F', 3, 3, 'joseph.davis@student.school.edu', '1528507110'),
(54, 148, 'ADM0054', 'Lance', 'Spence', '2012-03-03', 'F', 3, 4, 'lance.spence@student.school.edu', '7920905091'),
(55, 150, 'ADM0055', 'Rachel', 'Hughes', '2012-06-22', 'F', 3, 5, 'rachel.hughes@student.school.edu', '9494233000'),
(56, 152, 'ADM0056', 'Joshua', 'May', '2012-08-01', 'M', 3, 6, 'joshua.may@student.school.edu', '4633464905'),
(57, 154, 'ADM0057', 'Kristin', 'Robinson', '2012-10-30', 'M', 3, 7, 'kristin.robinson@student.school.edu', '2587984102'),
(58, 156, 'ADM0058', 'Joshua', 'West', '2012-06-02', 'F', 3, 8, 'joshua.west@student.school.edu', '1151197513'),
(59, 158, 'ADM0059', 'Jeffrey', 'Valentine', '2012-10-17', 'M', 3, 9, 'jeffrey.valentine@student.school.edu', '2735919928'),
(60, 160, 'ADM0060', 'Martha', 'Garcia', '2012-12-14', 'F', 3, 10, 'martha.garcia@student.school.edu', '2215063855'),
(61, 162, 'ADM0061', 'Tonya', 'Barry', '2012-12-06', 'M', 3, 11, 'tonya.barry@student.school.edu', '4181690502'),
(62, 164, 'ADM0062', 'Christopher', 'Ward', '2012-01-19', 'F', 3, 12, 'christopher.ward@student.school.edu', '6024622878'),
(63, 166, 'ADM0063', 'David', 'French', '2012-11-20', 'F', 3, 13, 'david.french@student.school.edu', '6501057487'),
(64, 168, 'ADM0064', 'Jeanette', 'Martinez', '2012-05-26', 'M', 3, 14, 'jeanette.martinez@student.school.edu', '9950245351'),
(65, 170, 'ADM0065', 'David', 'Willis', '2012-08-15', 'F', 3, 15, 'david.willis@student.school.edu', '7826754375'),
(66, 172, 'ADM0066', 'Mary', 'Davis', '2012-09-21', 'M', 3, 16, 'mary.davis@student.school.edu', '8210452614'),
(67, 174, 'ADM0067', 'Logan', 'Bowman', '2012-10-25', 'M', 3, 17, 'logan.bowman@student.school.edu', '1654272028'),
(68, 176, 'ADM0068', 'Barbara', 'Davis', '2012-06-01', 'F', 3, 18, 'barbara.davis@student.school.edu', '3890707638'),
(69, 178, 'ADM0069', 'Heather', 'Ortiz', '2012-09-04', 'M', 3, 19, 'heather.ortiz@student.school.edu', '9899941780'),
(70, 180, 'ADM0070', 'Timothy', 'Carpenter', '2012-10-20', 'M', 3, 20, 'timothy.carpenter@student.school.edu', '9264684254'),
(71, 182, 'ADM0071', 'Amanda', 'Gray', '2012-04-19', 'M', 3, 21, 'amanda.gray@student.school.edu', '8437290285'),
(72, 184, 'ADM0072', 'Connie', 'Franklin', '2012-12-20', 'M', 3, 22, 'connie.franklin@student.school.edu', '2528058491'),
(73, 186, 'ADM0073', 'Gregory', 'Brown', '2012-07-03', 'M', 3, 23, 'gregory.brown@student.school.edu', '7349081388'),
(74, 188, 'ADM0074', 'Kimberly', 'Armstrong', '2012-11-23', 'F', 3, 24, 'kimberly.armstrong@student.school.edu', '6970158302'),
(75, 190, 'ADM0075', 'Allen', 'Martinez', '2012-06-16', 'F', 3, 25, 'allen.martinez@student.school.edu', '8325333241'),
(76, 192, 'ADM0076', 'Shaun', 'Eaton', '2012-07-13', 'M', 4, 1, 'shaun.eaton@student.school.edu', '9335988242'),
(77, 194, 'ADM0077', 'Michael', 'Morrison', '2012-01-25', 'M', 4, 2, 'michael.morrison@student.school.edu', '1766414301'),
(78, 196, 'ADM0078', 'Julie', 'Willis', '2012-02-12', 'M', 4, 3, 'julie.willis@student.school.edu', '7041696681'),
(79, 198, 'ADM0079', 'Matthew', 'Joyce', '2012-08-24', 'M', 4, 4, 'matthew.joyce@student.school.edu', '7137696078'),
(80, 200, 'ADM0080', 'Sydney', 'Ramirez', '2012-08-24', 'M', 4, 5, 'sydney.ramirez@student.school.edu', '7586424339'),
(81, 202, 'ADM0081', 'Joseph', 'Ingram', '2012-03-25', 'M', 4, 6, 'joseph.ingram@student.school.edu', '2294767441'),
(82, 204, 'ADM0082', 'Linda', 'Rodriguez', '2012-01-30', 'M', 4, 7, 'linda.rodriguez@student.school.edu', '9011576028'),
(83, 206, 'ADM0083', 'Jeffrey', 'Clark', '2012-02-16', 'M', 4, 8, 'jeffrey.clark@student.school.edu', '1205088516'),
(84, 208, 'ADM0084', 'Kurt', 'Mack', '2012-02-26', 'F', 4, 9, 'kurt.mack@student.school.edu', '4511786801'),
(85, 210, 'ADM0085', 'Jessica', 'Humphrey', '2012-12-13', 'M', 4, 10, 'jessica.humphrey@student.school.edu', '9331140034'),
(86, 212, 'ADM0086', 'Joyce', 'Rodriguez', '2012-04-22', 'F', 4, 11, 'joyce.rodriguez@student.school.edu', '7989542778'),
(87, 214, 'ADM0087', 'Barbara', 'Cummings', '2012-07-13', 'F', 4, 12, 'barbara.cummings@student.school.edu', '7984795900'),
(88, 216, 'ADM0088', 'Vicki', 'Berg', '2012-09-22', 'F', 4, 13, 'vicki.berg@student.school.edu', '2538016892'),
(89, 218, 'ADM0089', 'Paul', 'Jacobs', '2012-09-17', 'F', 4, 14, 'paul.jacobs@student.school.edu', '6678168230'),
(90, 220, 'ADM0090', 'Stacey', 'Powers', '2012-01-26', 'M', 4, 15, 'stacey.powers@student.school.edu', '9932804749'),
(91, 222, 'ADM0091', 'Anthony', 'Johnson', '2012-01-16', 'M', 4, 16, 'anthony.johnson@student.school.edu', '5129848083'),
(92, 224, 'ADM0092', 'Paula', 'Weaver', '2012-02-06', 'F', 4, 17, 'paula.weaver@student.school.edu', '7267424597'),
(93, 226, 'ADM0093', 'John', 'Cook', '2012-06-05', 'F', 4, 18, 'john.cook@student.school.edu', '4357430809'),
(94, 228, 'ADM0094', 'Michael', 'Morris', '2012-12-04', 'F', 4, 19, 'michael.morris@student.school.edu', '7721294691'),
(95, 230, 'ADM0095', 'Susan', 'Carter', '2012-11-22', 'F', 4, 20, 'susan.carter@student.school.edu', '7599495034'),
(96, 232, 'ADM0096', 'Joseph', 'Cruz', '2012-09-11', 'F', 4, 21, 'joseph.cruz@student.school.edu', '2213207653'),
(97, 234, 'ADM0097', 'Daniel', 'Vang', '2012-01-31', 'F', 4, 22, 'daniel.vang@student.school.edu', '8314728999'),
(98, 236, 'ADM0098', 'Frederick', 'Nichols', '2012-10-10', 'F', 4, 23, 'frederick.nichols@student.school.edu', '2520363761'),
(99, 238, 'ADM0099', 'Heather', 'Smith', '2012-06-19', 'M', 4, 24, 'heather.smith@student.school.edu', '7292918374'),
(100, 240, 'ADM0100', 'Christine', 'Anthony', '2012-11-13', 'M', 4, 25, 'christine.anthony@student.school.edu', '7759575399'),
(101, 242, 'ADM0101', 'Sonia', 'Miranda', '2011-03-26', 'F', 5, 1, 'sonia.miranda@student.school.edu', '6651319182'),
(102, 244, 'ADM0102', 'Megan', 'Jones', '2011-09-13', 'M', 5, 2, 'megan.jones@student.school.edu', '1244905636'),
(103, 246, 'ADM0103', 'Lauren', 'Davis', '2011-01-20', 'M', 5, 3, 'lauren.davis@student.school.edu', '5550168158'),
(104, 248, 'ADM0104', 'David', 'Ross', '2011-02-26', 'M', 5, 4, 'david.ross@student.school.edu', '8108023526'),
(105, 250, 'ADM0105', 'Stephanie', 'Thornton', '2011-07-22', 'F', 5, 5, 'stephanie.thornton@student.school.edu', '7548594554'),
(106, 252, 'ADM0106', 'Andrew', 'Mccormick', '2011-02-10', 'M', 5, 6, 'andrew.mccormick@student.school.edu', '2110107803'),
(107, 254, 'ADM0107', 'Sarah', 'Russell', '2011-09-23', 'M', 5, 7, 'sarah.russell@student.school.edu', '7092809875'),
(108, 256, 'ADM0108', 'Hunter', 'Herrera', '2011-03-14', 'M', 5, 8, 'hunter.herrera@student.school.edu', '2052466834'),
(109, 258, 'ADM0109', 'Kevin', 'Wall', '2011-01-18', 'F', 5, 9, 'kevin.wall@student.school.edu', '6954964696'),
(110, 260, 'ADM0110', 'Vincent', 'Raymond', '2011-11-25', 'M', 5, 10, 'vincent.raymond@student.school.edu', '6743811629'),
(111, 262, 'ADM0111', 'Paula', 'Carpenter', '2011-06-16', 'F', 5, 11, 'paula.carpenter@student.school.edu', '9786181928'),
(112, 264, 'ADM0112', 'Christopher', 'Davis', '2011-02-19', 'F', 5, 12, 'christopher.davis@student.school.edu', '6325124976'),
(113, 266, 'ADM0113', 'Edwin', 'Jones', '2011-05-30', 'M', 5, 13, 'edwin.jones@student.school.edu', '6387274601'),
(114, 268, 'ADM0114', 'James', 'Reyes', '2011-11-08', 'M', 5, 14, 'james.reyes@student.school.edu', '2683234683'),
(115, 270, 'ADM0115', 'Vicki', 'Carroll', '2011-11-04', 'F', 5, 15, 'vicki.carroll@student.school.edu', '5523430498'),
(116, 272, 'ADM0116', 'Denise', 'Lyons', '2011-01-03', 'F', 5, 16, 'denise.lyons@student.school.edu', '3605407839'),
(117, 274, 'ADM0117', 'Kimberly', 'Webb', '2011-02-18', 'M', 5, 17, 'kimberly.webb@student.school.edu', '1274331741'),
(118, 276, 'ADM0118', 'Michael', 'Perkins', '2011-10-22', 'F', 5, 18, 'michael.perkins@student.school.edu', '8993997501'),
(119, 278, 'ADM0119', 'Morgan', 'Barker', '2011-10-16', 'M', 5, 19, 'morgan.barker@student.school.edu', '3516771693'),
(120, 280, 'ADM0120', 'Robert', 'Hall', '2011-07-04', 'M', 5, 20, 'robert.hall@student.school.edu', '2895292699'),
(121, 282, 'ADM0121', 'Andrew', 'Smith', '2011-04-14', 'F', 5, 21, 'andrew.smith@student.school.edu', '1106195219'),
(122, 284, 'ADM0122', 'Alexander', 'Saunders', '2011-02-11', 'F', 5, 22, 'alexander.saunders@student.school.edu', '5266415474'),
(123, 286, 'ADM0123', 'Laura', 'Vazquez', '2011-11-07', 'M', 5, 23, 'laura.vazquez@student.school.edu', '1662966043'),
(124, 288, 'ADM0124', 'Justin', 'Rice', '2011-09-24', 'F', 5, 24, 'justin.rice@student.school.edu', '7398858939'),
(125, 290, 'ADM0125', 'Gregory', 'Beasley', '2011-02-01', 'F', 5, 25, 'gregory.beasley@student.school.edu', '5852142919'),
(126, 292, 'ADM0126', 'Rebecca', 'Carr', '2011-11-05', 'M', 6, 1, 'rebecca.carr@student.school.edu', '8565453394'),
(127, 294, 'ADM0127', 'Nicole', 'Adams', '2011-04-13', 'F', 6, 2, 'nicole.adams@student.school.edu', '8864848231'),
(128, 296, 'ADM0128', 'Kimberly', 'Pham', '2011-12-29', 'F', 6, 3, 'kimberly.pham@student.school.edu', '2958323152'),
(129, 298, 'ADM0129', 'James', 'Edwards', '2011-01-14', 'F', 6, 4, 'james.edwards@student.school.edu', '5011590770'),
(130, 300, 'ADM0130', 'Paul', 'Mcdowell', '2011-03-29', 'M', 6, 5, 'paul.mcdowell@student.school.edu', '4476763582'),
(131, 302, 'ADM0131', 'Michael', 'Stein', '2011-01-21', 'M', 6, 6, 'michael.stein@student.school.edu', '4656345096'),
(132, 304, 'ADM0132', 'Blake', 'Hill', '2011-05-16', 'M', 6, 7, 'blake.hill@student.school.edu', '4387556648'),
(133, 306, 'ADM0133', 'Pamela', 'Sharp', '2011-05-22', 'F', 6, 8, 'pamela.sharp@student.school.edu', '4641940543'),
(134, 308, 'ADM0134', 'Richard', 'Stein', '2011-03-14', 'M', 6, 9, 'richard.stein@student.school.edu', '1149639680'),
(135, 310, 'ADM0135', 'Nancy', 'Carr', '2011-11-01', 'M', 6, 10, 'nancy.carr@student.school.edu', '7519427351'),
(136, 312, 'ADM0136', 'Leah', 'Stewart', '2011-04-28', 'M', 6, 11, 'leah.stewart@student.school.edu', '5492324535'),
(137, 314, 'ADM0137', 'Laura', 'Rodriguez', '2011-10-13', 'F', 6, 12, 'laura.rodriguez@student.school.edu', '7176516838'),
(138, 316, 'ADM0138', 'Tara', 'Hunt', '2011-07-22', 'F', 6, 13, 'tara.hunt@student.school.edu', '8003543727'),
(139, 318, 'ADM0139', 'Monica', 'Martin', '2011-12-19', 'F', 6, 14, 'monica.martin@student.school.edu', '2204216801'),
(140, 320, 'ADM0140', 'Allison', 'Reed', '2011-11-28', 'F', 6, 15, 'allison.reed@student.school.edu', '6403196609'),
(141, 322, 'ADM0141', 'Lauren', 'Nelson', '2011-10-12', 'F', 6, 16, 'lauren.nelson@student.school.edu', '3295261517'),
(142, 324, 'ADM0142', 'Kenneth', 'Rodgers', '2011-01-07', 'M', 6, 17, 'kenneth.rodgers@student.school.edu', '1023758546'),
(143, 326, 'ADM0143', 'April', 'Bishop', '2011-05-10', 'F', 6, 18, 'april.bishop@student.school.edu', '9099064170'),
(144, 328, 'ADM0144', 'Rebecca', 'Cain', '2011-02-21', 'M', 6, 19, 'rebecca.cain@student.school.edu', '2270876619'),
(145, 330, 'ADM0145', 'Eric', 'Tucker', '2011-10-16', 'M', 6, 20, 'eric.tucker@student.school.edu', '4028382121'),
(146, 332, 'ADM0146', 'Christopher', 'Miles', '2011-12-03', 'M', 6, 21, 'christopher.miles@student.school.edu', '9257372047'),
(147, 334, 'ADM0147', 'Cory', 'Kennedy', '2011-08-03', 'F', 6, 22, 'cory.kennedy@student.school.edu', '9239893921'),
(148, 336, 'ADM0148', 'Shannon', 'Diaz', '2011-03-28', 'M', 6, 23, 'shannon.diaz@student.school.edu', '9367115612'),
(149, 338, 'ADM0149', 'Valerie', 'Valdez', '2011-05-19', 'M', 6, 24, 'valerie.valdez@student.school.edu', '6160356037'),
(150, 340, 'ADM0150', 'Zachary', 'Rogers', '2011-05-30', 'F', 6, 25, 'zachary.rogers@student.school.edu', '5748017021'),
(151, 342, 'ADM0151', 'Donald', 'Pearson', '2011-06-03', 'M', 7, 1, 'donald.pearson@student.school.edu', '9545589175'),
(152, 344, 'ADM0152', 'Laura', 'Lopez', '2011-01-28', 'F', 7, 2, 'laura.lopez@student.school.edu', '6739665463'),
(153, 346, 'ADM0153', 'Alyssa', 'Hess', '2011-10-16', 'F', 7, 3, 'alyssa.hess@student.school.edu', '6722888359'),
(154, 348, 'ADM0154', 'Thomas', 'Silva', '2011-06-09', 'F', 7, 4, 'thomas.silva@student.school.edu', '9360725587'),
(155, 350, 'ADM0155', 'Megan', 'Smith', '2011-04-05', 'F', 7, 5, 'megan.smith@student.school.edu', '7726397534'),
(156, 352, 'ADM0156', 'Michael', 'Hernandez', '2011-12-06', 'F', 7, 6, 'michael.hernandez@student.school.edu', '2948958739'),
(157, 354, 'ADM0157', 'Todd', 'Cross', '2011-04-11', 'M', 7, 7, 'todd.cross@student.school.edu', '3352674229'),
(158, 356, 'ADM0158', 'Dennis', 'Wall', '2011-04-17', 'F', 7, 8, 'dennis.wall@student.school.edu', '8692108500'),
(159, 358, 'ADM0159', 'Matthew', 'Taylor', '2011-10-06', 'F', 7, 9, 'matthew.taylor@student.school.edu', '8559153191'),
(160, 360, 'ADM0160', 'Jamie', 'Watson', '2011-12-24', 'M', 7, 10, 'jamie.watson@student.school.edu', '2371982316'),
(161, 362, 'ADM0161', 'Suzanne', 'Sullivan', '2011-09-10', 'M', 7, 11, 'suzanne.sullivan@student.school.edu', '7421034138'),
(162, 364, 'ADM0162', 'Todd', 'Valenzuela', '2011-09-27', 'M', 7, 12, 'todd.valenzuela@student.school.edu', '6028560255'),
(163, 366, 'ADM0163', 'Amy', 'Price', '2011-08-06', 'F', 7, 13, 'amy.price@student.school.edu', '5822768669'),
(164, 368, 'ADM0164', 'Jennifer', 'Figueroa', '2011-04-20', 'M', 7, 14, 'jennifer.figueroa@student.school.edu', '6112811823'),
(165, 370, 'ADM0165', 'Michael', 'Taylor', '2011-02-22', 'M', 7, 15, 'michael.taylor@student.school.edu', '2145717416'),
(166, 372, 'ADM0166', 'Kristen', 'Simpson', '2011-04-20', 'F', 7, 16, 'kristen.simpson@student.school.edu', '7249859954'),
(167, 374, 'ADM0167', 'William', 'Walker', '2011-05-27', 'F', 7, 17, 'william.walker@student.school.edu', '9175122963'),
(168, 376, 'ADM0168', 'Alexander', 'Rose', '2011-11-03', 'M', 7, 18, 'alexander.rose@student.school.edu', '7174066383'),
(169, 378, 'ADM0169', 'Sherri', 'Williams', '2011-05-03', 'M', 7, 19, 'sherri.williams@student.school.edu', '4690556706'),
(170, 380, 'ADM0170', 'Matthew', 'Jones', '2011-05-22', 'M', 7, 20, 'matthew.jones@student.school.edu', '8083361582'),
(171, 382, 'ADM0171', 'Michael', 'Smith', '2011-09-08', 'F', 7, 21, 'michael.smith@student.school.edu', '5235735331'),
(172, 384, 'ADM0172', 'Kyle', 'Flores', '2011-09-29', 'F', 7, 22, 'kyle.flores@student.school.edu', '8858587533'),
(173, 386, 'ADM0173', 'Holly', 'Reynolds', '2011-10-15', 'F', 7, 23, 'holly.reynolds@student.school.edu', '5114896591'),
(174, 388, 'ADM0174', 'Brianna', 'Ferguson', '2011-03-15', 'M', 7, 24, 'brianna.ferguson@student.school.edu', '7961080157'),
(175, 390, 'ADM0175', 'Michael', 'Martinez', '2011-04-14', 'M', 7, 25, 'michael.martinez@student.school.edu', '2001562642'),
(176, 392, 'ADM0176', 'April', 'Richardson', '2011-09-26', 'F', 8, 1, 'april.richardson@student.school.edu', '5792238152'),
(177, 394, 'ADM0177', 'Miranda', 'Hudson', '2011-08-29', 'M', 8, 2, 'miranda.hudson@student.school.edu', '7469759716'),
(178, 396, 'ADM0178', 'Matthew', 'Rice', '2011-10-27', 'M', 8, 3, 'matthew.rice@student.school.edu', '9825273705'),
(179, 398, 'ADM0179', 'Micheal', 'Freeman', '2011-12-14', 'F', 8, 4, 'micheal.freeman@student.school.edu', '3175372865'),
(180, 400, 'ADM0180', 'William', 'Wiggins', '2011-12-14', 'M', 8, 5, 'william.wiggins@student.school.edu', '8266862860'),
(181, 402, 'ADM0181', 'Ralph', 'Martinez', '2011-01-10', 'M', 8, 6, 'ralph.martinez@student.school.edu', '2100103591'),
(182, 404, 'ADM0182', 'Sergio', 'Brown', '2011-08-26', 'M', 8, 7, 'sergio.brown@student.school.edu', '4705986750'),
(183, 406, 'ADM0183', 'Juan', 'Reynolds', '2011-04-29', 'F', 8, 8, 'juan.reynolds@student.school.edu', '8611639805'),
(184, 408, 'ADM0184', 'Margaret', 'Day', '2011-04-11', 'M', 8, 9, 'margaret.day@student.school.edu', '8419657090'),
(185, 410, 'ADM0185', 'Audrey', 'Cook', '2011-05-02', 'M', 8, 10, 'audrey.cook@student.school.edu', '5823313152'),
(186, 412, 'ADM0186', 'Charles', 'Hill', '2011-05-30', 'F', 8, 11, 'charles.hill@student.school.edu', '9035746598'),
(187, 414, 'ADM0187', 'Janice', 'Armstrong', '2011-04-23', 'F', 8, 12, 'janice.armstrong@student.school.edu', '7731071529'),
(188, 416, 'ADM0188', 'Karen', 'Patton', '2011-07-31', 'M', 8, 13, 'karen.patton@student.school.edu', '3499823159'),
(189, 418, 'ADM0189', 'Nathaniel', 'Chavez', '2011-10-18', 'M', 8, 14, 'nathaniel.chavez@student.school.edu', '3186926521'),
(190, 420, 'ADM0190', 'Beth', 'Johnson', '2011-10-01', 'F', 8, 15, 'beth.johnson@student.school.edu', '3923746474'),
(191, 422, 'ADM0191', 'Andrew', 'Romero', '2011-01-12', 'M', 8, 16, 'andrew.romero@student.school.edu', '2110766870'),
(192, 424, 'ADM0192', 'Yesenia', 'Bradley', '2011-04-25', 'F', 8, 17, 'yesenia.bradley@student.school.edu', '5685430059'),
(193, 426, 'ADM0193', 'Jeremy', 'Coleman', '2011-05-11', 'F', 8, 18, 'jeremy.coleman@student.school.edu', '4918775642'),
(194, 428, 'ADM0194', 'Jennifer', 'Cooper', '2011-11-07', 'M', 8, 19, 'jennifer.cooper@student.school.edu', '9192173918'),
(195, 430, 'ADM0195', 'Crystal', 'Johnson', '2011-06-20', 'M', 8, 20, 'crystal.johnson@student.school.edu', '6373709084'),
(196, 432, 'ADM0196', 'Bill', 'Walker', '2011-08-31', 'F', 8, 21, 'bill.walker@student.school.edu', '9363390652'),
(197, 434, 'ADM0197', 'Elizabeth', 'Hampton', '2011-07-19', 'F', 8, 22, 'elizabeth.hampton@student.school.edu', '4138401086'),
(198, 436, 'ADM0198', 'Brian', 'Wallace', '2011-04-06', 'M', 8, 23, 'brian.wallace@student.school.edu', '5427925100'),
(199, 438, 'ADM0199', 'Ashley', 'Mccormick', '2011-06-27', 'F', 8, 24, 'ashley.mccormick@student.school.edu', '1642725390'),
(200, 440, 'ADM0200', 'Marissa', 'Hurst', '2011-11-01', 'F', 8, 25, 'marissa.hurst@student.school.edu', '8078819652'),
(201, 442, 'ADM0201', 'Wendy', 'Brooks', '2010-06-24', 'F', 9, 1, 'wendy.brooks@student.school.edu', '1207963701'),
(202, 444, 'ADM0202', 'Donna', 'Gonzales', '2010-04-26', 'M', 9, 2, 'donna.gonzales@student.school.edu', '1456554708'),
(203, 446, 'ADM0203', 'Craig', 'Thompson', '2010-11-07', 'F', 9, 3, 'craig.thompson@student.school.edu', '1343216952'),
(204, 448, 'ADM0204', 'Emily', 'Ross', '2010-11-21', 'F', 9, 4, 'emily.ross@student.school.edu', '4794706922'),
(205, 450, 'ADM0205', 'Kathryn', 'Gallagher', '2010-02-16', 'M', 9, 5, 'kathryn.gallagher@student.school.edu', '5365604124'),
(206, 452, 'ADM0206', 'Russell', 'Randall', '2010-08-05', 'M', 9, 6, 'russell.randall@student.school.edu', '7744206015'),
(207, 454, 'ADM0207', 'Derrick', 'Griffin', '2010-05-08', 'F', 9, 7, 'derrick.griffin@student.school.edu', '8638017466'),
(208, 456, 'ADM0208', 'Laura', 'Lewis', '2010-05-16', 'M', 9, 8, 'laura.lewis@student.school.edu', '4490496039'),
(209, 458, 'ADM0209', 'Kathleen', 'Davis', '2010-03-19', 'M', 9, 9, 'kathleen.davis@student.school.edu', '7130351462'),
(210, 460, 'ADM0210', 'Debra', 'Ruiz', '2010-07-19', 'F', 9, 10, 'debra.ruiz@student.school.edu', '5303032077'),
(211, 462, 'ADM0211', 'Edward', 'Hudson', '2010-12-13', 'F', 9, 11, 'edward.hudson@student.school.edu', '5808679571'),
(212, 464, 'ADM0212', 'Andrew', 'Carson', '2010-12-31', 'F', 9, 12, 'andrew.carson@student.school.edu', '4316819075'),
(213, 466, 'ADM0213', 'Tyler', 'Long', '2010-01-09', 'F', 9, 13, 'tyler.long@student.school.edu', '4394521548'),
(214, 468, 'ADM0214', 'William', 'Flores', '2010-06-07', 'M', 9, 14, 'william.flores@student.school.edu', '2384626291'),
(215, 470, 'ADM0215', 'George', 'Ferguson', '2010-08-08', 'F', 9, 15, 'george.ferguson@student.school.edu', '4559153140'),
(216, 472, 'ADM0216', 'Bobby', 'Stevens', '2010-08-12', 'F', 9, 16, 'bobby.stevens@student.school.edu', '4450513850'),
(217, 474, 'ADM0217', 'Jonathan', 'Allen', '2010-02-10', 'F', 9, 17, 'jonathan.allen@student.school.edu', '8150912332'),
(218, 476, 'ADM0218', 'Carrie', 'Sanchez', '2010-12-06', 'M', 9, 18, 'carrie.sanchez@student.school.edu', '3721383217'),
(219, 478, 'ADM0219', 'Vanessa', 'Ponce', '2010-09-06', 'F', 9, 19, 'vanessa.ponce@student.school.edu', '2758165296'),
(220, 480, 'ADM0220', 'David', 'Marshall', '2010-12-12', 'M', 9, 20, 'david.marshall@student.school.edu', '4883773226'),
(221, 482, 'ADM0221', 'Susan', 'Solomon', '2010-09-04', 'M', 9, 21, 'susan.solomon@student.school.edu', '1276000241'),
(222, 484, 'ADM0222', 'John', 'West', '2010-06-22', 'F', 9, 22, 'john.west@student.school.edu', '8172489436'),
(223, 486, 'ADM0223', 'Melanie', 'Mccormick', '2010-10-10', 'F', 9, 23, 'melanie.mccormick@student.school.edu', '7540751690'),
(224, 488, 'ADM0224', 'Marie', 'Steele', '2010-10-14', 'F', 9, 24, 'marie.steele@student.school.edu', '8676170083'),
(225, 490, 'ADM0225', 'Diana', 'Mathis', '2010-10-10', 'M', 9, 25, 'diana.mathis@student.school.edu', '9383334610'),
(226, 492, 'ADM0226', 'Christopher', 'Barron', '2010-12-02', 'M', 10, 1, 'christopher.barron@student.school.edu', '1667850715'),
(227, 494, 'ADM0227', 'Michael', 'Davis', '2010-03-28', 'M', 10, 2, 'michael.davis@student.school.edu', '5967280576'),
(228, 496, 'ADM0228', 'David', 'Duarte', '2010-04-25', 'F', 10, 3, 'david.duarte@student.school.edu', '8236433300'),
(229, 498, 'ADM0229', 'Sean', 'Smith', '2010-11-23', 'M', 10, 4, 'sean.smith@student.school.edu', '4012255699'),
(230, 500, 'ADM0230', 'Whitney', 'Brown', '2010-07-29', 'F', 10, 5, 'whitney.brown@student.school.edu', '3040255927'),
(231, 502, 'ADM0231', 'Daniel', 'Horne', '2010-08-22', 'F', 10, 6, 'daniel.horne@student.school.edu', '5567948714'),
(232, 504, 'ADM0232', 'Joel', 'Mcmahon', '2010-09-22', 'M', 10, 7, 'joel.mcmahon@student.school.edu', '3747184580'),
(233, 506, 'ADM0233', 'Pamela', 'Harris', '2010-10-12', 'M', 10, 8, 'pamela.harris@student.school.edu', '3651821447'),
(234, 508, 'ADM0234', 'Matthew', 'Crawford', '2010-05-29', 'F', 10, 9, 'matthew.crawford@student.school.edu', '5110931544'),
(235, 510, 'ADM0235', 'Roberto', 'Martin', '2010-02-11', 'F', 10, 10, 'roberto.martin@student.school.edu', '1443611295'),
(236, 512, 'ADM0236', 'Jennifer', 'King', '2010-10-31', 'M', 10, 11, 'jennifer.king@student.school.edu', '7900204065'),
(237, 514, 'ADM0237', 'Daniel', 'Orozco', '2010-04-29', 'F', 10, 12, 'daniel.orozco@student.school.edu', '6815222164'),
(238, 516, 'ADM0238', 'Matthew', 'Olson', '2010-06-04', 'M', 10, 13, 'matthew.olson@student.school.edu', '6013696428'),
(239, 518, 'ADM0239', 'Barbara', 'Bell', '2010-03-02', 'F', 10, 14, 'barbara.bell@student.school.edu', '7892890270'),
(240, 520, 'ADM0240', 'Gabriel', 'Gonzalez', '2010-03-06', 'M', 10, 15, 'gabriel.gonzalez@student.school.edu', '3051219682'),
(241, 522, 'ADM0241', 'Alicia', 'Cannon', '2010-12-09', 'F', 10, 16, 'alicia.cannon@student.school.edu', '8895686053'),
(242, 524, 'ADM0242', 'Natalie', 'Smith', '2010-10-13', 'F', 10, 17, 'natalie.smith@student.school.edu', '9463654287'),
(243, 526, 'ADM0243', 'Jessica', 'Adams', '2010-12-25', 'F', 10, 18, 'jessica.adams@student.school.edu', '6133188190'),
(244, 528, 'ADM0244', 'Jodi', 'Mack', '2010-07-10', 'F', 10, 19, 'jodi.mack@student.school.edu', '5629581746'),
(245, 530, 'ADM0245', 'Anthony', 'Martin', '2010-07-04', 'M', 10, 20, 'anthony.martin@student.school.edu', '7898074344'),
(246, 532, 'ADM0246', 'Colleen', 'Owens', '2010-11-19', 'M', 10, 21, 'colleen.owens@student.school.edu', '8492962499'),
(247, 534, 'ADM0247', 'Eric', 'Foster', '2010-04-11', 'F', 10, 22, 'eric.foster@student.school.edu', '5242138835'),
(248, 536, 'ADM0248', 'Megan', 'Smith', '2010-11-03', 'M', 10, 23, 'megan.smith@student.school.edu', '6275996362'),
(249, 538, 'ADM0249', 'James', 'Joseph', '2010-05-05', 'M', 10, 24, 'james.joseph@student.school.edu', '3151643592'),
(250, 540, 'ADM0250', 'Christopher', 'Koch', '2010-06-07', 'F', 10, 25, 'christopher.koch@student.school.edu', '2380693146'),
(251, 542, 'ADM0251', 'Amanda', 'Phillips', '2010-08-12', 'F', 11, 1, 'amanda.phillips@student.school.edu', '9474029204'),
(252, 544, 'ADM0252', 'Kenneth', 'Sherman', '2010-07-31', 'M', 11, 2, 'kenneth.sherman@student.school.edu', '6915848026'),
(253, 546, 'ADM0253', 'George', 'West', '2010-02-10', 'F', 11, 3, 'george.west@student.school.edu', '5366663741'),
(254, 548, 'ADM0254', 'Megan', 'Bennett', '2010-12-10', 'F', 11, 4, 'megan.bennett@student.school.edu', '8456433813'),
(255, 550, 'ADM0255', 'Tracy', 'Martin', '2010-01-27', 'F', 11, 5, 'tracy.martin@student.school.edu', '5840112269'),
(256, 552, 'ADM0256', 'Amanda', 'Walton', '2010-05-05', 'F', 11, 6, 'amanda.walton@student.school.edu', '6056275908'),
(257, 554, 'ADM0257', 'Cynthia', 'Ortiz', '2010-01-02', 'F', 11, 7, 'cynthia.ortiz@student.school.edu', '6329515891'),
(258, 556, 'ADM0258', 'Emily', 'Williams', '2010-09-08', 'F', 11, 8, 'emily.williams@student.school.edu', '5200742131'),
(259, 558, 'ADM0259', 'Jeremy', 'Romero', '2010-12-11', 'F', 11, 9, 'jeremy.romero@student.school.edu', '1808128545'),
(260, 560, 'ADM0260', 'Kathy', 'Mcgee', '2010-02-19', 'M', 11, 10, 'kathy.mcgee@student.school.edu', '9129995820'),
(261, 562, 'ADM0261', 'Caitlin', 'Mccoy', '2010-07-29', 'M', 11, 11, 'caitlin.mccoy@student.school.edu', '3665972543'),
(262, 564, 'ADM0262', 'Eric', 'Roberts', '2010-12-21', 'F', 11, 12, 'eric.roberts@student.school.edu', '9283151028'),
(263, 566, 'ADM0263', 'Brian', 'Johnson', '2010-05-25', 'M', 11, 13, 'brian.johnson@student.school.edu', '7252336537'),
(264, 568, 'ADM0264', 'Colin', 'Thornton', '2010-01-13', 'F', 11, 14, 'colin.thornton@student.school.edu', '2467662943'),
(265, 570, 'ADM0265', 'Amy', 'Colon', '2010-11-18', 'F', 11, 15, 'amy.colon@student.school.edu', '6030207690'),
(266, 572, 'ADM0266', 'Nicholas', 'Russell', '2010-08-23', 'F', 11, 16, 'nicholas.russell@student.school.edu', '7764909483'),
(267, 574, 'ADM0267', 'Jesus', 'Bennett', '2010-04-02', 'M', 11, 17, 'jesus.bennett@student.school.edu', '7380666697'),
(268, 576, 'ADM0268', 'Dylan', 'Ryan', '2010-02-17', 'M', 11, 18, 'dylan.ryan@student.school.edu', '6611213378'),
(269, 578, 'ADM0269', 'Steven', 'Brewer', '2010-08-21', 'F', 11, 19, 'steven.brewer@student.school.edu', '3793164193'),
(270, 580, 'ADM0270', 'Katrina', 'Carter', '2010-01-12', 'M', 11, 20, 'katrina.carter@student.school.edu', '5690515248'),
(271, 582, 'ADM0271', 'Stephanie', 'Miller', '2010-12-23', 'F', 11, 21, 'stephanie.miller@student.school.edu', '1820527447'),
(272, 584, 'ADM0272', 'Joshua', 'Lang', '2010-07-23', 'M', 11, 22, 'joshua.lang@student.school.edu', '1725354398'),
(273, 586, 'ADM0273', 'Amy', 'Cruz', '2010-02-22', 'M', 11, 23, 'amy.cruz@student.school.edu', '3422899084'),
(274, 588, 'ADM0274', 'James', 'Reid', '2010-08-20', 'F', 11, 24, 'james.reid@student.school.edu', '4071141842'),
(275, 590, 'ADM0275', 'Joseph', 'Johnson', '2010-08-26', 'M', 11, 25, 'joseph.johnson@student.school.edu', '6636298705'),
(276, 592, 'ADM0276', 'Ashley', 'Macias', '2010-09-14', 'M', 12, 1, 'ashley.macias@student.school.edu', '6984331705'),
(277, 594, 'ADM0277', 'Susan', 'Martinez', '2010-02-04', 'F', 12, 2, 'susan.martinez@student.school.edu', '9856155449'),
(278, 596, 'ADM0278', 'Kimberly', 'Mann', '2010-01-12', 'F', 12, 3, 'kimberly.mann@student.school.edu', '4515965531'),
(279, 598, 'ADM0279', 'Susan', 'Hodges', '2010-07-08', 'M', 12, 4, 'susan.hodges@student.school.edu', '1555355866'),
(280, 600, 'ADM0280', 'Douglas', 'Hall', '2010-09-21', 'F', 12, 5, 'douglas.hall@student.school.edu', '8049132719'),
(281, 602, 'ADM0281', 'Jeffrey', 'Phillips', '2010-07-14', 'F', 12, 6, 'jeffrey.phillips@student.school.edu', '7064967599'),
(282, 604, 'ADM0282', 'Jeffrey', 'Silva', '2010-06-22', 'M', 12, 7, 'jeffrey.silva@student.school.edu', '7759057895'),
(283, 606, 'ADM0283', 'Julie', 'King', '2010-11-27', 'F', 12, 8, 'julie.king@student.school.edu', '1139481177'),
(284, 608, 'ADM0284', 'Madeline', 'Rivera', '2010-09-13', 'M', 12, 9, 'madeline.rivera@student.school.edu', '5532466811'),
(285, 610, 'ADM0285', 'Lawrence', 'Lee', '2010-09-14', 'F', 12, 10, 'lawrence.lee@student.school.edu', '8320701778'),
(286, 612, 'ADM0286', 'Glenn', 'Montes', '2010-05-16', 'F', 12, 11, 'glenn.montes@student.school.edu', '5325977447'),
(287, 614, 'ADM0287', 'Angela', 'Lopez', '2010-04-12', 'M', 12, 12, 'angela.lopez@student.school.edu', '9925613113'),
(288, 616, 'ADM0288', 'Ricky', 'Higgins', '2010-03-08', 'M', 12, 13, 'ricky.higgins@student.school.edu', '3093228260'),
(289, 618, 'ADM0289', 'Nancy', 'Bridges', '2010-06-22', 'M', 12, 14, 'nancy.bridges@student.school.edu', '3763941868'),
(290, 620, 'ADM0290', 'Stephanie', 'Malone', '2010-12-29', 'M', 12, 15, 'stephanie.malone@student.school.edu', '5524544304'),
(291, 622, 'ADM0291', 'Jacob', 'Holden', '2010-05-01', 'F', 12, 16, 'jacob.holden@student.school.edu', '3349662382'),
(292, 624, 'ADM0292', 'April', 'Reid', '2010-10-18', 'F', 12, 17, 'april.reid@student.school.edu', '6763447088'),
(293, 626, 'ADM0293', 'James', 'Davis', '2010-09-04', 'M', 12, 18, 'james.davis@student.school.edu', '1828397825'),
(294, 628, 'ADM0294', 'Alex', 'Mercado', '2010-10-09', 'M', 12, 19, 'alex.mercado@student.school.edu', '4117535480'),
(295, 630, 'ADM0295', 'Marie', 'Aguirre', '2010-04-16', 'F', 12, 20, 'marie.aguirre@student.school.edu', '7327047072'),
(296, 632, 'ADM0296', 'Daniel', 'Williams', '2010-05-21', 'F', 12, 21, 'daniel.williams@student.school.edu', '6005251751'),
(297, 634, 'ADM0297', 'Anita', 'Miller', '2010-03-18', 'M', 12, 22, 'anita.miller@student.school.edu', '8352381494'),
(298, 636, 'ADM0298', 'Maria', 'Martin', '2010-06-24', 'M', 12, 23, 'maria.martin@student.school.edu', '6462085392'),
(299, 638, 'ADM0299', 'John', 'Aguilar', '2010-11-30', 'M', 12, 24, 'john.aguilar@student.school.edu', '8543477242'),
(300, 640, 'ADM0300', 'Jessica', 'Young', '2010-10-29', 'M', 12, 25, 'jessica.young@student.school.edu', '9833437021'),
(301, 642, 'ADM0301', 'Elizabeth', 'Black', '2009-05-24', 'M', 13, 1, 'elizabeth.black@student.school.edu', '3348810489'),
(302, 644, 'ADM0302', 'Victoria', 'Castillo', '2009-04-13', 'F', 13, 2, 'victoria.castillo@student.school.edu', '2697370035'),
(303, 646, 'ADM0303', 'Jessica', 'Neal', '2009-12-10', 'M', 13, 3, 'jessica.neal@student.school.edu', '8537055077'),
(304, 648, 'ADM0304', 'Robert', 'Norman', '2009-12-18', 'M', 13, 4, 'robert.norman@student.school.edu', '4527817831'),
(305, 650, 'ADM0305', 'Victoria', 'Hunter', '2009-10-26', 'M', 13, 5, 'victoria.hunter@student.school.edu', '9462062785'),
(306, 652, 'ADM0306', 'Jennifer', 'Freeman', '2009-01-17', 'M', 13, 6, 'jennifer.freeman@student.school.edu', '9388175354'),
(307, 654, 'ADM0307', 'Jose', 'Diaz', '2009-06-25', 'M', 13, 7, 'jose.diaz@student.school.edu', '1149502138'),
(308, 656, 'ADM0308', 'Steven', 'Baker', '2009-09-07', 'M', 13, 8, 'steven.baker@student.school.edu', '8114925284'),
(309, 658, 'ADM0309', 'David', 'Krause', '2009-08-22', 'M', 13, 9, 'david.krause@student.school.edu', '4203225856'),
(310, 660, 'ADM0310', 'Jacqueline', 'Smith', '2009-01-14', 'M', 13, 10, 'jacqueline.smith@student.school.edu', '1703547227'),
(311, 662, 'ADM0311', 'Jessica', 'Allen', '2009-07-01', 'M', 13, 11, 'jessica.allen@student.school.edu', '8110852071'),
(312, 664, 'ADM0312', 'Michelle', 'Smith', '2009-07-24', 'M', 13, 12, 'michelle.smith@student.school.edu', '6669846155'),
(313, 666, 'ADM0313', 'Larry', 'Smith', '2009-01-22', 'F', 13, 13, 'larry.smith@student.school.edu', '2070048312'),
(314, 668, 'ADM0314', 'Timothy', 'Schneider', '2009-01-31', 'F', 13, 14, 'timothy.schneider@student.school.edu', '1288900184'),
(315, 670, 'ADM0315', 'Dean', 'Mclean', '2009-09-24', 'M', 13, 15, 'dean.mclean@student.school.edu', '6267222828'),
(316, 672, 'ADM0316', 'Jacqueline', 'Smith', '2009-07-27', 'M', 13, 16, 'jacqueline.smith@student.school.edu', '7985485765'),
(317, 674, 'ADM0317', 'Tammy', 'Bennett', '2009-06-26', 'M', 13, 17, 'tammy.bennett@student.school.edu', '7198761604'),
(318, 676, 'ADM0318', 'Matthew', 'Green', '2009-11-24', 'M', 13, 18, 'matthew.green@student.school.edu', '8325482552'),
(319, 678, 'ADM0319', 'John', 'Robinson', '2009-05-02', 'M', 13, 19, 'john.robinson@student.school.edu', '3805493874'),
(320, 680, 'ADM0320', 'Joseph', 'Morales', '2009-06-28', 'F', 13, 20, 'joseph.morales@student.school.edu', '5742191629'),
(321, 682, 'ADM0321', 'Alec', 'Calderon', '2009-10-11', 'F', 13, 21, 'alec.calderon@student.school.edu', '7395938453'),
(322, 684, 'ADM0322', 'Sarah', 'Terry', '2009-10-16', 'M', 13, 22, 'sarah.terry@student.school.edu', '2176310570'),
(323, 686, 'ADM0323', 'Pamela', 'Mullins', '2009-11-04', 'M', 13, 23, 'pamela.mullins@student.school.edu', '9427339979'),
(324, 688, 'ADM0324', 'Gary', 'Gonzalez', '2009-09-12', 'F', 13, 24, 'gary.gonzalez@student.school.edu', '9867527784'),
(325, 690, 'ADM0325', 'Robin', 'Hughes', '2009-07-27', 'M', 13, 25, 'robin.hughes@student.school.edu', '7481387500'),
(326, 692, 'ADM0326', 'Sarah', 'Sims', '2009-11-23', 'F', 14, 1, 'sarah.sims@student.school.edu', '7603394124'),
(327, 694, 'ADM0327', 'Craig', 'Bruce', '2009-07-08', 'M', 14, 2, 'craig.bruce@student.school.edu', '4878194450'),
(328, 696, 'ADM0328', 'John', 'Russell', '2009-07-12', 'M', 14, 3, 'john.russell@student.school.edu', '4845917017'),
(329, 698, 'ADM0329', 'Gina', 'Johnson', '2009-02-14', 'M', 14, 4, 'gina.johnson@student.school.edu', '3941619048'),
(330, 700, 'ADM0330', 'James', 'Taylor', '2009-11-18', 'F', 14, 5, 'james.taylor@student.school.edu', '3314432931'),
(331, 702, 'ADM0331', 'Edward', 'Ross', '2009-07-09', 'M', 14, 6, 'edward.ross@student.school.edu', '9154557801'),
(332, 704, 'ADM0332', 'Shannon', 'Smith', '2009-01-30', 'F', 14, 7, 'shannon.smith@student.school.edu', '2602286350'),
(333, 706, 'ADM0333', 'Benjamin', 'Lambert', '2009-02-05', 'M', 14, 8, 'benjamin.lambert@student.school.edu', '9813199051'),
(334, 708, 'ADM0334', 'Sandra', 'Moore', '2009-06-12', 'F', 14, 9, 'sandra.moore@student.school.edu', '6518192416'),
(335, 710, 'ADM0335', 'Shawn', 'Hawkins', '2009-09-09', 'M', 14, 10, 'shawn.hawkins@student.school.edu', '1858352647'),
(336, 712, 'ADM0336', 'Jacqueline', 'Hill', '2009-05-05', 'F', 14, 11, 'jacqueline.hill@student.school.edu', '9389500869'),
(337, 714, 'ADM0337', 'James', 'Erickson', '2009-03-16', 'F', 14, 12, 'james.erickson@student.school.edu', '4824588992'),
(338, 716, 'ADM0338', 'Caroline', 'Berg', '2009-11-08', 'M', 14, 13, 'caroline.berg@student.school.edu', '3330747470'),
(339, 718, 'ADM0339', 'Craig', 'Hernandez', '2009-05-01', 'F', 14, 14, 'craig.hernandez@student.school.edu', '2774683978'),
(340, 720, 'ADM0340', 'Darrell', 'Jackson', '2009-02-11', 'M', 14, 15, 'darrell.jackson@student.school.edu', '8670023738'),
(341, 722, 'ADM0341', 'Vanessa', 'Salas', '2009-08-08', 'F', 14, 16, 'vanessa.salas@student.school.edu', '2264608267'),
(342, 724, 'ADM0342', 'Katie', 'Armstrong', '2009-04-27', 'M', 14, 17, 'katie.armstrong@student.school.edu', '3516086046'),
(343, 726, 'ADM0343', 'Brooke', 'Morse', '2009-09-03', 'M', 14, 18, 'brooke.morse@student.school.edu', '9868763180'),
(344, 728, 'ADM0344', 'Eric', 'Lane', '2009-03-02', 'M', 14, 19, 'eric.lane@student.school.edu', '7023032344'),
(345, 730, 'ADM0345', 'Lisa', 'Robinson', '2009-01-22', 'F', 14, 20, 'lisa.robinson@student.school.edu', '1664742512'),
(346, 732, 'ADM0346', 'Kayla', 'Ramirez', '2009-06-19', 'M', 14, 21, 'kayla.ramirez@student.school.edu', '1624628593'),
(347, 734, 'ADM0347', 'Howard', 'Hawkins', '2009-09-12', 'M', 14, 22, 'howard.hawkins@student.school.edu', '7190733933'),
(348, 736, 'ADM0348', 'Arthur', 'Meyers', '2009-06-20', 'F', 14, 23, 'arthur.meyers@student.school.edu', '5609831540'),
(349, 738, 'ADM0349', 'Tonya', 'Wood', '2009-01-22', 'F', 14, 24, 'tonya.wood@student.school.edu', '6522094630'),
(350, 740, 'ADM0350', 'Michelle', 'Hanna', '2009-12-13', 'M', 14, 25, 'michelle.hanna@student.school.edu', '4029819949'),
(351, 742, 'ADM0351', 'Ryan', 'Cox', '2009-01-02', 'M', 15, 1, 'ryan.cox@student.school.edu', '2756840913'),
(352, 744, 'ADM0352', 'Douglas', 'Shelton', '2009-07-02', 'M', 15, 2, 'douglas.shelton@student.school.edu', '2666775850'),
(353, 746, 'ADM0353', 'Todd', 'Hernandez', '2009-04-11', 'M', 15, 3, 'todd.hernandez@student.school.edu', '8719883715'),
(354, 748, 'ADM0354', 'David', 'Miller', '2009-10-17', 'F', 15, 4, 'david.miller@student.school.edu', '9207693025'),
(355, 750, 'ADM0355', 'Ellen', 'Smith', '2009-02-25', 'F', 15, 5, 'ellen.smith@student.school.edu', '6662801385'),
(356, 752, 'ADM0356', 'Daniel', 'Wilson', '2009-10-21', 'M', 15, 6, 'daniel.wilson@student.school.edu', '1552274703'),
(357, 754, 'ADM0357', 'Lauren', 'Sherman', '2009-09-11', 'M', 15, 7, 'lauren.sherman@student.school.edu', '3431938773'),
(358, 756, 'ADM0358', 'Travis', 'Gutierrez', '2009-07-07', 'M', 15, 8, 'travis.gutierrez@student.school.edu', '7362893600'),
(359, 758, 'ADM0359', 'Michael', 'Harrison', '2009-02-24', 'M', 15, 9, 'michael.harrison@student.school.edu', '8724328460'),
(360, 760, 'ADM0360', 'Hunter', 'Thompson', '2009-06-19', 'M', 15, 10, 'hunter.thompson@student.school.edu', '6842288428'),
(361, 762, 'ADM0361', 'Jason', 'Williams', '2009-08-07', 'F', 15, 11, 'jason.williams@student.school.edu', '6751524349'),
(362, 764, 'ADM0362', 'Nathan', 'Boyer', '2009-05-30', 'F', 15, 12, 'nathan.boyer@student.school.edu', '9289300980'),
(363, 766, 'ADM0363', 'Larry', 'Smith', '2009-01-10', 'M', 15, 13, 'larry.smith@student.school.edu', '1648116318'),
(364, 768, 'ADM0364', 'Bianca', 'Todd', '2009-01-20', 'M', 15, 14, 'bianca.todd@student.school.edu', '2964068344'),
(365, 770, 'ADM0365', 'Jessica', 'Soto', '2009-04-13', 'M', 15, 15, 'jessica.soto@student.school.edu', '1312285446'),
(366, 772, 'ADM0366', 'Christopher', 'Martin', '2009-07-01', 'M', 15, 16, 'christopher.martin@student.school.edu', '8879440469'),
(367, 774, 'ADM0367', 'Luis', 'Bradshaw', '2009-09-07', 'F', 15, 17, 'luis.bradshaw@student.school.edu', '9618305173'),
(368, 776, 'ADM0368', 'Stephanie', 'Leonard', '2009-03-03', 'F', 15, 18, 'stephanie.leonard@student.school.edu', '3241860984'),
(369, 778, 'ADM0369', 'Dale', 'Jensen', '2009-05-01', 'F', 15, 19, 'dale.jensen@student.school.edu', '6639264233'),
(370, 780, 'ADM0370', 'Andrea', 'Jones', '2009-05-20', 'M', 15, 20, 'andrea.jones@student.school.edu', '4919483746'),
(371, 782, 'ADM0371', 'Tonya', 'Foster', '2009-03-30', 'M', 15, 21, 'tonya.foster@student.school.edu', '8918575765'),
(372, 784, 'ADM0372', 'Christopher', 'Snow', '2009-02-23', 'M', 15, 22, 'christopher.snow@student.school.edu', '5405329364'),
(373, 786, 'ADM0373', 'Thomas', 'Foster', '2009-03-14', 'F', 15, 23, 'thomas.foster@student.school.edu', '9523250976'),
(374, 788, 'ADM0374', 'Kimberly', 'Richard', '2009-06-18', 'F', 15, 24, 'kimberly.richard@student.school.edu', '9330782743'),
(375, 790, 'ADM0375', 'Robert', 'Rogers', '2009-02-03', 'F', 15, 25, 'robert.rogers@student.school.edu', '4521781793'),
(376, 792, 'ADM0376', 'Jeffrey', 'Henderson', '2009-10-23', 'M', 16, 1, 'jeffrey.henderson@student.school.edu', '7792802840'),
(377, 794, 'ADM0377', 'Richard', 'Mcbride', '2009-06-26', 'F', 16, 2, 'richard.mcbride@student.school.edu', '2919513539'),
(378, 796, 'ADM0378', 'Brandon', 'Moody', '2009-06-17', 'M', 16, 3, 'brandon.moody@student.school.edu', '7128775165'),
(379, 798, 'ADM0379', 'Charles', 'Simon', '2009-11-09', 'M', 16, 4, 'charles.simon@student.school.edu', '1017994549'),
(380, 800, 'ADM0380', 'Darryl', 'Merritt', '2009-10-15', 'F', 16, 5, 'darryl.merritt@student.school.edu', '6687346619'),
(381, 802, 'ADM0381', 'Christie', 'Williams', '2009-09-03', 'M', 16, 6, 'christie.williams@student.school.edu', '7379567619'),
(382, 804, 'ADM0382', 'Cathy', 'Parrish', '2009-04-18', 'M', 16, 7, 'cathy.parrish@student.school.edu', '2329828947'),
(383, 806, 'ADM0383', 'Vicki', 'Liu', '2009-12-01', 'F', 16, 8, 'vicki.liu@student.school.edu', '4004710643'),
(384, 808, 'ADM0384', 'Ronald', 'Church', '2009-04-26', 'M', 16, 9, 'ronald.church@student.school.edu', '3327196182'),
(385, 810, 'ADM0385', 'Tiffany', 'Chang', '2009-08-14', 'F', 16, 10, 'tiffany.chang@student.school.edu', '9047688361'),
(386, 812, 'ADM0386', 'Haley', 'Savage', '2009-12-24', 'F', 16, 11, 'haley.savage@student.school.edu', '5918512515'),
(387, 814, 'ADM0387', 'Austin', 'Torres', '2009-01-14', 'F', 16, 12, 'austin.torres@student.school.edu', '4083641755'),
(388, 816, 'ADM0388', 'Christina', 'Velasquez', '2009-04-25', 'M', 16, 13, 'christina.velasquez@student.school.edu', '7902591838'),
(389, 818, 'ADM0389', 'William', 'Grant', '2009-07-29', 'F', 16, 14, 'william.grant@student.school.edu', '9519805585'),
(390, 820, 'ADM0390', 'Michael', 'Cohen', '2009-09-17', 'F', 16, 15, 'michael.cohen@student.school.edu', '7579876054'),
(391, 822, 'ADM0391', 'Cynthia', 'Ware', '2009-08-18', 'M', 16, 16, 'cynthia.ware@student.school.edu', '6912853117'),
(392, 824, 'ADM0392', 'Kevin', 'Estes', '2009-10-11', 'F', 16, 17, 'kevin.estes@student.school.edu', '1853795680'),
(393, 826, 'ADM0393', 'Brandon', 'Allison', '2009-06-09', 'M', 16, 18, 'brandon.allison@student.school.edu', '3252043871'),
(394, 828, 'ADM0394', 'Samuel', 'Snyder', '2009-04-06', 'M', 16, 19, 'samuel.snyder@student.school.edu', '7928769490'),
(395, 830, 'ADM0395', 'George', 'Singh', '2009-09-08', 'M', 16, 20, 'george.singh@student.school.edu', '3647191815'),
(396, 832, 'ADM0396', 'Patrick', 'Hanson', '2009-04-02', 'M', 16, 21, 'patrick.hanson@student.school.edu', '6169308680'),
(397, 834, 'ADM0397', 'Susan', 'Stevens', '2009-03-22', 'F', 16, 22, 'susan.stevens@student.school.edu', '4425234121'),
(398, 836, 'ADM0398', 'Nicole', 'Kelley', '2009-03-03', 'M', 16, 23, 'nicole.kelley@student.school.edu', '5204963026'),
(399, 838, 'ADM0399', 'Brian', 'Goodman', '2009-09-02', 'F', 16, 24, 'brian.goodman@student.school.edu', '8633136544'),
(400, 840, 'ADM0400', 'Kenneth', 'Barnes', '2009-01-07', 'F', 16, 25, 'kenneth.barnes@student.school.edu', '1869286678'),
(401, 842, 'ADM0401', 'Robin', 'Brooks', '2008-02-08', 'M', 17, 1, 'robin.brooks@student.school.edu', '8073778152'),
(402, 844, 'ADM0402', 'Joseph', 'Campos', '2008-02-19', 'M', 17, 2, 'joseph.campos@student.school.edu', '9937495328'),
(403, 846, 'ADM0403', 'Jeremy', 'Morris', '2008-11-19', 'F', 17, 3, 'jeremy.morris@student.school.edu', '9074359115'),
(404, 848, 'ADM0404', 'Brian', 'Lane', '2008-04-30', 'M', 17, 4, 'brian.lane@student.school.edu', '4487936842'),
(405, 850, 'ADM0405', 'Jennifer', 'Conner', '2008-05-18', 'F', 17, 5, 'jennifer.conner@student.school.edu', '5272163938'),
(406, 852, 'ADM0406', 'Kelli', 'Robinson', '2008-09-19', 'M', 17, 6, 'kelli.robinson@student.school.edu', '8079144017'),
(407, 854, 'ADM0407', 'Anne', 'Stevens', '2008-04-13', 'M', 17, 7, 'anne.stevens@student.school.edu', '1724669018'),
(408, 856, 'ADM0408', 'Jorge', 'Hill', '2008-06-22', 'M', 17, 8, 'jorge.hill@student.school.edu', '2809962528'),
(409, 858, 'ADM0409', 'Samuel', 'Pena', '2008-02-20', 'F', 17, 9, 'samuel.pena@student.school.edu', '2034060249'),
(410, 860, 'ADM0410', 'Michael', 'Miller', '2008-12-05', 'M', 17, 10, 'michael.miller@student.school.edu', '9747739045'),
(411, 862, 'ADM0411', 'Melinda', 'Grant', '2008-11-26', 'M', 17, 11, 'melinda.grant@student.school.edu', '7816906450'),
(412, 864, 'ADM0412', 'Justin', 'Stewart', '2008-01-18', 'F', 17, 12, 'justin.stewart@student.school.edu', '8886810100'),
(413, 866, 'ADM0413', 'Derrick', 'Johnson', '2008-09-08', 'F', 17, 13, 'derrick.johnson@student.school.edu', '1147472137'),
(414, 868, 'ADM0414', 'Robert', 'Jordan', '2008-08-12', 'F', 17, 14, 'robert.jordan@student.school.edu', '5994284885'),
(415, 870, 'ADM0415', 'James', 'Flores', '2008-04-04', 'M', 17, 15, 'james.flores@student.school.edu', '1268956038'),
(416, 872, 'ADM0416', 'Molly', 'Tate', '2008-12-02', 'F', 17, 16, 'molly.tate@student.school.edu', '8531407476'),
(417, 874, 'ADM0417', 'Sarah', 'Lee', '2008-12-07', 'M', 17, 17, 'sarah.lee@student.school.edu', '3087006489'),
(418, 876, 'ADM0418', 'Vanessa', 'Cooper', '2008-10-31', 'F', 17, 18, 'vanessa.cooper@student.school.edu', '9884286065'),
(419, 878, 'ADM0419', 'Shelby', 'Shelton', '2008-10-25', 'F', 17, 19, 'shelby.shelton@student.school.edu', '1079874227'),
(420, 880, 'ADM0420', 'Ronald', 'Rodriguez', '2008-03-26', 'M', 17, 20, 'ronald.rodriguez@student.school.edu', '1842458133'),
(421, 882, 'ADM0421', 'Paul', 'Shaw', '2008-01-08', 'M', 17, 21, 'paul.shaw@student.school.edu', '1868621719'),
(422, 884, 'ADM0422', 'Gregory', 'Green', '2008-03-25', 'F', 17, 22, 'gregory.green@student.school.edu', '1648286517'),
(423, 886, 'ADM0423', 'Jasmine', 'Scott', '2008-06-06', 'F', 17, 23, 'jasmine.scott@student.school.edu', '4285089115'),
(424, 888, 'ADM0424', 'Matthew', 'Anderson', '2008-02-23', 'M', 17, 24, 'matthew.anderson@student.school.edu', '4517295229'),
(425, 890, 'ADM0425', 'Daniel', 'Buchanan', '2008-04-12', 'F', 17, 25, 'daniel.buchanan@student.school.edu', '9802531370'),
(426, 892, 'ADM0426', 'Tiffany', 'Richardson', '2008-03-12', 'F', 18, 1, 'tiffany.richardson@student.school.edu', '5130336919'),
(427, 894, 'ADM0427', 'Ralph', 'Frye', '2008-01-30', 'F', 18, 2, 'ralph.frye@student.school.edu', '5155044258'),
(428, 896, 'ADM0428', 'Meghan', 'Murphy', '2008-12-30', 'F', 18, 3, 'meghan.murphy@student.school.edu', '8331156714'),
(429, 898, 'ADM0429', 'Adam', 'Perry', '2008-09-03', 'M', 18, 4, 'adam.perry@student.school.edu', '3287174781'),
(430, 900, 'ADM0430', 'Angela', 'Hall', '2008-08-17', 'F', 18, 5, 'angela.hall@student.school.edu', '7053980842'),
(431, 902, 'ADM0431', 'Kenneth', 'Roberson', '2008-03-22', 'M', 18, 6, 'kenneth.roberson@student.school.edu', '5239065336'),
(432, 904, 'ADM0432', 'Lisa', 'Miller', '2008-12-20', 'M', 18, 7, 'lisa.miller@student.school.edu', '5856964643'),
(433, 906, 'ADM0433', 'William', 'Hicks', '2008-02-15', 'F', 18, 8, 'william.hicks@student.school.edu', '3192438512'),
(434, 908, 'ADM0434', 'Robert', 'Perkins', '2008-04-19', 'F', 18, 9, 'robert.perkins@student.school.edu', '8427418944'),
(435, 910, 'ADM0435', 'Eric', 'Lopez', '2008-08-30', 'M', 18, 10, 'eric.lopez@student.school.edu', '1707791465'),
(436, 912, 'ADM0436', 'Jessica', 'Sims', '2008-11-17', 'M', 18, 11, 'jessica.sims@student.school.edu', '1828737682'),
(437, 914, 'ADM0437', 'Rebecca', 'May', '2008-04-27', 'M', 18, 12, 'rebecca.may@student.school.edu', '9306996257'),
(438, 916, 'ADM0438', 'Kelsey', 'Yates', '2008-12-04', 'M', 18, 13, 'kelsey.yates@student.school.edu', '2561219061'),
(439, 918, 'ADM0439', 'Nicolas', 'Cook', '2008-05-20', 'M', 18, 14, 'nicolas.cook@student.school.edu', '7458237375'),
(440, 920, 'ADM0440', 'John', 'Ortega', '2008-11-24', 'M', 18, 15, 'john.ortega@student.school.edu', '4633423148'),
(441, 922, 'ADM0441', 'Jason', 'Bowen', '2008-02-23', 'F', 18, 16, 'jason.bowen@student.school.edu', '6478249441'),
(442, 924, 'ADM0442', 'Adam', 'Potter', '2008-09-03', 'F', 18, 17, 'adam.potter@student.school.edu', '9471239654'),
(443, 926, 'ADM0443', 'Fernando', 'Wright', '2008-10-05', 'M', 18, 18, 'fernando.wright@student.school.edu', '9172754750'),
(444, 928, 'ADM0444', 'Cody', 'Holmes', '2008-11-19', 'M', 18, 19, 'cody.holmes@student.school.edu', '3580580580'),
(445, 930, 'ADM0445', 'Lisa', 'Barron', '2008-03-14', 'M', 18, 20, 'lisa.barron@student.school.edu', '5935464343'),
(446, 932, 'ADM0446', 'David', 'Michael', '2008-09-13', 'M', 18, 21, 'david.michael@student.school.edu', '2158256447'),
(447, 934, 'ADM0447', 'Corey', 'Sherman', '2008-12-13', 'F', 18, 22, 'corey.sherman@student.school.edu', '5927775037'),
(448, 936, 'ADM0448', 'Katherine', 'Vazquez', '2008-03-11', 'F', 18, 23, 'katherine.vazquez@student.school.edu', '1227677759'),
(449, 938, 'ADM0449', 'Jessica', 'Jensen', '2008-12-12', 'M', 18, 24, 'jessica.jensen@student.school.edu', '6375954020'),
(450, 940, 'ADM0450', 'Vanessa', 'Garcia', '2008-12-26', 'F', 18, 25, 'vanessa.garcia@student.school.edu', '6963838057'),
(451, 942, 'ADM0451', 'Reginald', 'Bell', '2008-11-10', 'M', 19, 1, 'reginald.bell@student.school.edu', '9101981495'),
(452, 944, 'ADM0452', 'Joseph', 'Morales', '2008-09-15', 'F', 19, 2, 'joseph.morales@student.school.edu', '4115015711'),
(453, 946, 'ADM0453', 'Elizabeth', 'Chen', '2008-04-05', 'M', 19, 3, 'elizabeth.chen@student.school.edu', '1845379582'),
(454, 948, 'ADM0454', 'Nicole', 'Davis', '2008-02-27', 'F', 19, 4, 'nicole.davis@student.school.edu', '6125560112'),
(455, 950, 'ADM0455', 'Joshua', 'Ashley', '2008-11-27', 'M', 19, 5, 'joshua.ashley@student.school.edu', '2048113499'),
(456, 952, 'ADM0456', 'Laura', 'James', '2008-04-29', 'M', 19, 6, 'laura.james@student.school.edu', '3778948819'),
(457, 954, 'ADM0457', 'Vicki', 'Nelson', '2008-02-03', 'F', 19, 7, 'vicki.nelson@student.school.edu', '3637879441'),
(458, 956, 'ADM0458', 'Todd', 'Jackson', '2008-05-09', 'F', 19, 8, 'todd.jackson@student.school.edu', '5072248606'),
(459, 958, 'ADM0459', 'Zachary', 'Morris', '2008-04-02', 'M', 19, 9, 'zachary.morris@student.school.edu', '3566197605'),
(460, 960, 'ADM0460', 'Samuel', 'Phillips', '2008-04-17', 'M', 19, 10, 'samuel.phillips@student.school.edu', '5105181082'),
(461, 962, 'ADM0461', 'Theresa', 'Heath', '2008-12-22', 'F', 19, 11, 'theresa.heath@student.school.edu', '1807229715'),
(462, 964, 'ADM0462', 'Robin', 'Harper', '2008-02-09', 'M', 19, 12, 'robin.harper@student.school.edu', '7301315304'),
(463, 966, 'ADM0463', 'Tina', 'Robbins', '2008-06-21', 'M', 19, 13, 'tina.robbins@student.school.edu', '7385690659'),
(464, 968, 'ADM0464', 'Patrick', 'Edwards', '2008-02-26', 'F', 19, 14, 'patrick.edwards@student.school.edu', '7081618794'),
(465, 970, 'ADM0465', 'Kevin', 'Johnson', '2008-07-27', 'M', 19, 15, 'kevin.johnson@student.school.edu', '3775402789'),
(466, 972, 'ADM0466', 'Lisa', 'Dawson', '2008-12-01', 'M', 19, 16, 'lisa.dawson@student.school.edu', '8485679202'),
(467, 974, 'ADM0467', 'James', 'Hunter', '2008-11-19', 'M', 19, 17, 'james.hunter@student.school.edu', '1883399918'),
(468, 976, 'ADM0468', 'Thomas', 'Mccarty', '2008-08-25', 'M', 19, 18, 'thomas.mccarty@student.school.edu', '3685862021'),
(469, 978, 'ADM0469', 'Scott', 'Santos', '2008-07-27', 'F', 19, 19, 'scott.santos@student.school.edu', '3158192240'),
(470, 980, 'ADM0470', 'Gerald', 'Sanchez', '2008-03-17', 'F', 19, 20, 'gerald.sanchez@student.school.edu', '7562954359'),
(471, 982, 'ADM0471', 'Monica', 'Vargas', '2008-10-20', 'M', 19, 21, 'monica.vargas@student.school.edu', '7641304611'),
(472, 984, 'ADM0472', 'Barbara', 'Foster', '2008-07-09', 'M', 19, 22, 'barbara.foster@student.school.edu', '2319479541'),
(473, 986, 'ADM0473', 'Jesse', 'Rich', '2008-07-07', 'F', 19, 23, 'jesse.rich@student.school.edu', '7755253428'),
(474, 988, 'ADM0474', 'John', 'Bryant', '2008-11-18', 'M', 19, 24, 'john.bryant@student.school.edu', '7717830890'),
(475, 990, 'ADM0475', 'Christopher', 'Kramer', '2008-09-11', 'M', 19, 25, 'christopher.kramer@student.school.edu', '7887286354'),
(476, 992, 'ADM0476', 'John', 'Sanchez', '2008-09-10', 'M', 20, 1, 'john.sanchez@student.school.edu', '2222314648'),
(477, 994, 'ADM0477', 'Donald', 'Herring', '2008-04-21', 'M', 20, 2, 'donald.herring@student.school.edu', '1450986695'),
(478, 996, 'ADM0478', 'Melvin', 'Taylor', '2008-05-06', 'M', 20, 3, 'melvin.taylor@student.school.edu', '6389442767'),
(479, 998, 'ADM0479', 'Shannon', 'Roberts', '2008-07-04', 'M', 20, 4, 'shannon.roberts@student.school.edu', '3753746151'),
(480, 1000, 'ADM0480', 'Kayla', 'Taylor', '2008-02-08', 'F', 20, 5, 'kayla.taylor@student.school.edu', '2715602063'),
(481, 1002, 'ADM0481', 'Tommy', 'Lewis', '2008-11-29', 'M', 20, 6, 'tommy.lewis@student.school.edu', '5125844319'),
(482, 1004, 'ADM0482', 'Stephanie', 'Perez', '2008-09-01', 'F', 20, 7, 'stephanie.perez@student.school.edu', '7843133192'),
(483, 1006, 'ADM0483', 'Melissa', 'Green', '2008-09-22', 'F', 20, 8, 'melissa.green@student.school.edu', '2536634085'),
(484, 1008, 'ADM0484', 'Rose', 'Martinez', '2008-08-10', 'M', 20, 9, 'rose.martinez@student.school.edu', '4842827635'),
(485, 1010, 'ADM0485', 'Joshua', 'Woods', '2008-11-16', 'F', 20, 10, 'joshua.woods@student.school.edu', '7592629078'),
(486, 1012, 'ADM0486', 'Mark', 'Grant', '2008-01-10', 'M', 20, 11, 'mark.grant@student.school.edu', '8566666800'),
(487, 1014, 'ADM0487', 'Mary', 'Nguyen', '2008-07-12', 'M', 20, 12, 'mary.nguyen@student.school.edu', '5178662845'),
(488, 1016, 'ADM0488', 'Glenn', 'Howell', '2008-09-02', 'M', 20, 13, 'glenn.howell@student.school.edu', '3728643994'),
(489, 1018, 'ADM0489', 'Jennifer', 'Williams', '2008-09-08', 'M', 20, 14, 'jennifer.williams@student.school.edu', '3123928920'),
(490, 1020, 'ADM0490', 'Christopher', 'Marquez', '2008-06-16', 'F', 20, 15, 'christopher.marquez@student.school.edu', '6690891629'),
(491, 1022, 'ADM0491', 'Susan', 'Martin', '2008-09-11', 'M', 20, 16, 'susan.martin@student.school.edu', '4840192268'),
(492, 1024, 'ADM0492', 'Mary', 'Terry', '2008-12-25', 'F', 20, 17, 'mary.terry@student.school.edu', '8868783370'),
(493, 1026, 'ADM0493', 'Melissa', 'Escobar', '2008-08-10', 'F', 20, 18, 'melissa.escobar@student.school.edu', '8509945540'),
(494, 1028, 'ADM0494', 'Courtney', 'Henry', '2008-12-08', 'M', 20, 19, 'courtney.henry@student.school.edu', '6382775010'),
(495, 1030, 'ADM0495', 'Amber', 'White', '2008-06-06', 'M', 20, 20, 'amber.white@student.school.edu', '7313366726'),
(496, 1032, 'ADM0496', 'Amanda', 'Johnson', '2008-05-31', 'M', 20, 21, 'amanda.johnson@student.school.edu', '9862010793'),
(497, 1034, 'ADM0497', 'Krystal', 'Foster', '2008-02-05', 'F', 20, 22, 'krystal.foster@student.school.edu', '2164414231'),
(498, 1036, 'ADM0498', 'Tammy', 'Brown', '2008-12-17', 'F', 20, 23, 'tammy.brown@student.school.edu', '6024841495'),
(499, 1038, 'ADM0499', 'David', 'Phillips', '2008-09-13', 'M', 20, 24, 'david.phillips@student.school.edu', '4566269502'),
(500, 1040, 'ADM0500', 'Adam', 'Jordan', '2008-09-04', 'M', 20, 25, 'adam.jordan@student.school.edu', '9307854149');

INSERT INTO parents (id, user_id, first_name, last_name, phone, email, relationship) VALUES
(1, 43, 'Elizabeth', 'Robbins', '6474189611', 'parent1@gmail.com', 'Mother'),
(2, 45, 'Michelle', 'Mcclure', '2644993873', 'parent2@gmail.com', 'Mother'),
(3, 47, 'Margaret', 'Schwartz', '1529249598', 'parent3@gmail.com', 'Mother'),
(4, 49, 'Thomas', 'Taylor', '3808077247', 'parent4@gmail.com', 'Father'),
(5, 51, 'Angela', 'Murphy', '2008049965', 'parent5@gmail.com', 'Father'),
(6, 53, 'Joseph', 'Dillon', '4508977426', 'parent6@gmail.com', 'Father'),
(7, 55, 'Bradley', 'Stephens', '1601268826', 'parent7@gmail.com', 'Father'),
(8, 57, 'Jeremy', 'Perez', '8837266470', 'parent8@gmail.com', 'Father'),
(9, 59, 'Jocelyn', 'Pennington', '8212261750', 'parent9@gmail.com', 'Mother'),
(10, 61, 'Benjamin', 'Hurst', '9595463267', 'parent10@gmail.com', 'Mother'),
(11, 63, 'Jamie', 'Morris', '6220922214', 'parent11@gmail.com', 'Mother'),
(12, 65, 'Kristina', 'Chapman', '6932665629', 'parent12@gmail.com', 'Mother'),
(13, 67, 'Misty', 'Delacruz', '5637920946', 'parent13@gmail.com', 'Father'),
(14, 69, 'Edgar', 'Edwards', '5546291042', 'parent14@gmail.com', 'Father'),
(15, 71, 'Darren', 'Mcknight', '4394784626', 'parent15@gmail.com', 'Mother'),
(16, 73, 'Lisa', 'Martin', '3204164115', 'parent16@gmail.com', 'Father'),
(17, 75, 'Lisa', 'Reynolds', '6915138323', 'parent17@gmail.com', 'Mother'),
(18, 77, 'Julie', 'Vargas', '6435561959', 'parent18@gmail.com', 'Father'),
(19, 79, 'Courtney', 'Brown', '6656854041', 'parent19@gmail.com', 'Mother'),
(20, 81, 'John', 'Williams', '5010580375', 'parent20@gmail.com', 'Father'),
(21, 83, 'Amy', 'Harrison', '3241292935', 'parent21@gmail.com', 'Father'),
(22, 85, 'Samuel', 'Barker', '2527926331', 'parent22@gmail.com', 'Father'),
(23, 87, 'Tammy', 'Lynn', '9068090464', 'parent23@gmail.com', 'Father'),
(24, 89, 'Sean', 'Willis', '8178572744', 'parent24@gmail.com', 'Father'),
(25, 91, 'John', 'Collins', '4169138557', 'parent25@gmail.com', 'Father'),
(26, 93, 'Margaret', 'Robinson', '3819019384', 'parent26@gmail.com', 'Mother'),
(27, 95, 'Nichole', 'Adkins', '5561358324', 'parent27@gmail.com', 'Mother'),
(28, 97, 'Eddie', 'Walker', '3964299667', 'parent28@gmail.com', 'Mother'),
(29, 99, 'Kelly', 'Murphy', '1633497434', 'parent29@gmail.com', 'Father'),
(30, 101, 'Kevin', 'Adams', '6087079743', 'parent30@gmail.com', 'Mother'),
(31, 103, 'Anthony', 'Martin', '7106229326', 'parent31@gmail.com', 'Father'),
(32, 105, 'John', 'Wilkinson', '1862029216', 'parent32@gmail.com', 'Father'),
(33, 107, 'James', 'Alvarado', '3241096718', 'parent33@gmail.com', 'Father'),
(34, 109, 'Eric', 'Hayes', '7242220483', 'parent34@gmail.com', 'Father'),
(35, 111, 'Chelsey', 'Oneal', '4346626726', 'parent35@gmail.com', 'Mother'),
(36, 113, 'Claire', 'Collins', '2543397629', 'parent36@gmail.com', 'Mother'),
(37, 115, 'Adam', 'Pittman', '6960865377', 'parent37@gmail.com', 'Father'),
(38, 117, 'Derrick', 'Herrera', '3601297629', 'parent38@gmail.com', 'Father'),
(39, 119, 'Kimberly', 'Garcia', '7624741434', 'parent39@gmail.com', 'Father'),
(40, 121, 'Pamela', 'Brown', '5714271573', 'parent40@gmail.com', 'Mother'),
(41, 123, 'Kevin', 'Willis', '7025598050', 'parent41@gmail.com', 'Father'),
(42, 125, 'Monique', 'Peters', '1192015994', 'parent42@gmail.com', 'Mother'),
(43, 127, 'Jon', 'Parks', '4875987736', 'parent43@gmail.com', 'Mother'),
(44, 129, 'Sharon', 'Marks', '5962724673', 'parent44@gmail.com', 'Father'),
(45, 131, 'Misty', 'Clark', '7641435923', 'parent45@gmail.com', 'Mother'),
(46, 133, 'Abigail', 'Wagner', '3668673421', 'parent46@gmail.com', 'Mother'),
(47, 135, 'Bryan', 'Li', '2524749673', 'parent47@gmail.com', 'Mother'),
(48, 137, 'Melissa', 'Jimenez', '1978879031', 'parent48@gmail.com', 'Mother'),
(49, 139, 'John', 'Gay', '5852993195', 'parent49@gmail.com', 'Mother'),
(50, 141, 'Eric', 'Smith', '1125035913', 'parent50@gmail.com', 'Father'),
(51, 143, 'John', 'Mcdonald', '7749576193', 'parent51@gmail.com', 'Father'),
(52, 145, 'Megan', 'Zuniga', '7859551074', 'parent52@gmail.com', 'Mother'),
(53, 147, 'Victor', 'Davis', '5791399153', 'parent53@gmail.com', 'Father'),
(54, 149, 'Kelly', 'Spence', '1682302896', 'parent54@gmail.com', 'Father'),
(55, 151, 'Natalie', 'Hughes', '8865446397', 'parent55@gmail.com', 'Father'),
(56, 153, 'Deborah', 'May', '7764612666', 'parent56@gmail.com', 'Mother'),
(57, 155, 'Brenda', 'Robinson', '3365476143', 'parent57@gmail.com', 'Mother'),
(58, 157, 'Kayla', 'West', '7634875044', 'parent58@gmail.com', 'Mother'),
(59, 159, 'Jesse', 'Valentine', '8660664905', 'parent59@gmail.com', 'Mother'),
(60, 161, 'Richard', 'Garcia', '6862109196', 'parent60@gmail.com', 'Mother'),
(61, 163, 'Beth', 'Barry', '2733095915', 'parent61@gmail.com', 'Mother'),
(62, 165, 'Shane', 'Ward', '1911046755', 'parent62@gmail.com', 'Mother'),
(63, 167, 'Stacey', 'French', '9294368397', 'parent63@gmail.com', 'Father'),
(64, 169, 'Frederick', 'Martinez', '5766434856', 'parent64@gmail.com', 'Mother'),
(65, 171, 'Gregory', 'Willis', '2513909048', 'parent65@gmail.com', 'Mother'),
(66, 173, 'Jeffrey', 'Davis', '7320127705', 'parent66@gmail.com', 'Father'),
(67, 175, 'Michael', 'Bowman', '7156024547', 'parent67@gmail.com', 'Father'),
(68, 177, 'Sharon', 'Davis', '5827394999', 'parent68@gmail.com', 'Father'),
(69, 179, 'Matthew', 'Ortiz', '1995533115', 'parent69@gmail.com', 'Mother'),
(70, 181, 'Laura', 'Carpenter', '4951505535', 'parent70@gmail.com', 'Mother'),
(71, 183, 'Barbara', 'Gray', '4077769486', 'parent71@gmail.com', 'Mother'),
(72, 185, 'Christopher', 'Franklin', '4489728410', 'parent72@gmail.com', 'Mother'),
(73, 187, 'Jennifer', 'Brown', '1272427308', 'parent73@gmail.com', 'Mother'),
(74, 189, 'Destiny', 'Armstrong', '5086986321', 'parent74@gmail.com', 'Mother'),
(75, 191, 'Rose', 'Martinez', '1945572509', 'parent75@gmail.com', 'Father'),
(76, 193, 'Michael', 'Eaton', '2378385697', 'parent76@gmail.com', 'Mother'),
(77, 195, 'Emily', 'Morrison', '5075158497', 'parent77@gmail.com', 'Father'),
(78, 197, 'Anne', 'Willis', '1058819969', 'parent78@gmail.com', 'Mother'),
(79, 199, 'Linda', 'Joyce', '6476807998', 'parent79@gmail.com', 'Mother'),
(80, 201, 'Steven', 'Ramirez', '7112256771', 'parent80@gmail.com', 'Mother'),
(81, 203, 'Jillian', 'Ingram', '7823684374', 'parent81@gmail.com', 'Father'),
(82, 205, 'Shannon', 'Rodriguez', '9335444782', 'parent82@gmail.com', 'Mother'),
(83, 207, 'Richard', 'Clark', '4025545621', 'parent83@gmail.com', 'Mother'),
(84, 209, 'Jill', 'Mack', '2373988296', 'parent84@gmail.com', 'Mother'),
(85, 211, 'Beth', 'Humphrey', '5632823041', 'parent85@gmail.com', 'Father'),
(86, 213, 'Cindy', 'Rodriguez', '7697903849', 'parent86@gmail.com', 'Father'),
(87, 215, 'Ronald', 'Cummings', '9782520034', 'parent87@gmail.com', 'Mother'),
(88, 217, 'Mary', 'Berg', '3144307296', 'parent88@gmail.com', 'Father'),
(89, 219, 'Craig', 'Jacobs', '4924405056', 'parent89@gmail.com', 'Father'),
(90, 221, 'Amanda', 'Powers', '7953969878', 'parent90@gmail.com', 'Mother'),
(91, 223, 'Tony', 'Johnson', '2561622410', 'parent91@gmail.com', 'Father'),
(92, 225, 'Nicholas', 'Weaver', '1465738660', 'parent92@gmail.com', 'Father'),
(93, 227, 'Michael', 'Cook', '7166362428', 'parent93@gmail.com', 'Mother'),
(94, 229, 'Robert', 'Morris', '4068180244', 'parent94@gmail.com', 'Father'),
(95, 231, 'John', 'Carter', '8525720357', 'parent95@gmail.com', 'Mother'),
(96, 233, 'Christopher', 'Cruz', '7228359927', 'parent96@gmail.com', 'Mother'),
(97, 235, 'Renee', 'Vang', '5427593521', 'parent97@gmail.com', 'Father'),
(98, 237, 'Brian', 'Nichols', '5404006559', 'parent98@gmail.com', 'Father'),
(99, 239, 'Kevin', 'Smith', '6595768552', 'parent99@gmail.com', 'Father'),
(100, 241, 'Robert', 'Anthony', '3876857051', 'parent100@gmail.com', 'Mother'),
(101, 243, 'Sophia', 'Miranda', '2883871534', 'parent101@gmail.com', 'Father'),
(102, 245, 'April', 'Jones', '8286021651', 'parent102@gmail.com', 'Mother'),
(103, 247, 'Rebecca', 'Davis', '1589363077', 'parent103@gmail.com', 'Father'),
(104, 249, 'Courtney', 'Ross', '7714482927', 'parent104@gmail.com', 'Mother'),
(105, 251, 'Diana', 'Thornton', '6729504647', 'parent105@gmail.com', 'Father'),
(106, 253, 'Michael', 'Mccormick', '1072194443', 'parent106@gmail.com', 'Mother'),
(107, 255, 'Patrick', 'Russell', '7662116892', 'parent107@gmail.com', 'Mother'),
(108, 257, 'Shawn', 'Herrera', '9378472402', 'parent108@gmail.com', 'Mother'),
(109, 259, 'Matthew', 'Wall', '5896761456', 'parent109@gmail.com', 'Mother'),
(110, 261, 'Angela', 'Raymond', '7809297537', 'parent110@gmail.com', 'Mother'),
(111, 263, 'Tracy', 'Carpenter', '5348058427', 'parent111@gmail.com', 'Father'),
(112, 265, 'Jacqueline', 'Davis', '9678444153', 'parent112@gmail.com', 'Mother'),
(113, 267, 'Jason', 'Jones', '1929301515', 'parent113@gmail.com', 'Father'),
(114, 269, 'Mary', 'Reyes', '7484277211', 'parent114@gmail.com', 'Mother'),
(115, 271, 'Gregory', 'Carroll', '4113364900', 'parent115@gmail.com', 'Mother'),
(116, 273, 'Pamela', 'Lyons', '2948883084', 'parent116@gmail.com', 'Mother'),
(117, 275, 'Herbert', 'Webb', '4809961971', 'parent117@gmail.com', 'Father'),
(118, 277, 'James', 'Perkins', '3247317185', 'parent118@gmail.com', 'Mother'),
(119, 279, 'Kaitlyn', 'Barker', '6182880464', 'parent119@gmail.com', 'Father'),
(120, 281, 'Jessica', 'Hall', '9507940420', 'parent120@gmail.com', 'Father'),
(121, 283, 'Rebecca', 'Smith', '2168431173', 'parent121@gmail.com', 'Mother'),
(122, 285, 'Melissa', 'Saunders', '2680968595', 'parent122@gmail.com', 'Mother'),
(123, 287, 'Rebecca', 'Vazquez', '1461641501', 'parent123@gmail.com', 'Mother'),
(124, 289, 'Nicole', 'Rice', '5301342523', 'parent124@gmail.com', 'Mother'),
(125, 291, 'Robert', 'Beasley', '4174398853', 'parent125@gmail.com', 'Father'),
(126, 293, 'Vincent', 'Carr', '3235009439', 'parent126@gmail.com', 'Father'),
(127, 295, 'Michael', 'Adams', '1544951541', 'parent127@gmail.com', 'Mother'),
(128, 297, 'Stacey', 'Pham', '3281841098', 'parent128@gmail.com', 'Mother'),
(129, 299, 'Andrew', 'Edwards', '8622420859', 'parent129@gmail.com', 'Mother'),
(130, 301, 'Steven', 'Mcdowell', '6086195539', 'parent130@gmail.com', 'Father'),
(131, 303, 'Daniel', 'Stein', '4458560679', 'parent131@gmail.com', 'Father'),
(132, 305, 'Jacqueline', 'Hill', '6545384021', 'parent132@gmail.com', 'Father'),
(133, 307, 'Matthew', 'Sharp', '1725958948', 'parent133@gmail.com', 'Father'),
(134, 309, 'Gary', 'Stein', '7930849323', 'parent134@gmail.com', 'Mother'),
(135, 311, 'Anthony', 'Carr', '1031118058', 'parent135@gmail.com', 'Mother'),
(136, 313, 'Kimberly', 'Stewart', '9060334933', 'parent136@gmail.com', 'Father'),
(137, 315, 'Johnny', 'Rodriguez', '1472769823', 'parent137@gmail.com', 'Mother'),
(138, 317, 'Thomas', 'Hunt', '2956021769', 'parent138@gmail.com', 'Mother'),
(139, 319, 'Charles', 'Martin', '7364554409', 'parent139@gmail.com', 'Father'),
(140, 321, 'Richard', 'Reed', '8576948818', 'parent140@gmail.com', 'Mother'),
(141, 323, 'Kristen', 'Nelson', '8736821164', 'parent141@gmail.com', 'Father'),
(142, 325, 'Cory', 'Rodgers', '9583769426', 'parent142@gmail.com', 'Father'),
(143, 327, 'Leah', 'Bishop', '5242221377', 'parent143@gmail.com', 'Father'),
(144, 329, 'Jason', 'Cain', '1545790438', 'parent144@gmail.com', 'Father'),
(145, 331, 'Jennifer', 'Tucker', '6039301433', 'parent145@gmail.com', 'Mother'),
(146, 333, 'Michael', 'Miles', '6059677428', 'parent146@gmail.com', 'Mother'),
(147, 335, 'Jonathon', 'Kennedy', '9243379282', 'parent147@gmail.com', 'Mother'),
(148, 337, 'Jennifer', 'Diaz', '4875534916', 'parent148@gmail.com', 'Mother'),
(149, 339, 'Michelle', 'Valdez', '2500311513', 'parent149@gmail.com', 'Father'),
(150, 341, 'Robert', 'Rogers', '8016540393', 'parent150@gmail.com', 'Mother'),
(151, 343, 'Douglas', 'Pearson', '5153093410', 'parent151@gmail.com', 'Mother'),
(152, 345, 'Mitchell', 'Lopez', '9093762925', 'parent152@gmail.com', 'Father'),
(153, 347, 'Andrea', 'Hess', '7925765575', 'parent153@gmail.com', 'Father'),
(154, 349, 'Monica', 'Silva', '5270956478', 'parent154@gmail.com', 'Mother'),
(155, 351, 'Rebecca', 'Smith', '7406243684', 'parent155@gmail.com', 'Father'),
(156, 353, 'Kyle', 'Hernandez', '6339232198', 'parent156@gmail.com', 'Mother'),
(157, 355, 'Lawrence', 'Cross', '8627565766', 'parent157@gmail.com', 'Father'),
(158, 357, 'Brian', 'Wall', '7149603227', 'parent158@gmail.com', 'Father'),
(159, 359, 'Jose', 'Taylor', '5043873674', 'parent159@gmail.com', 'Father'),
(160, 361, 'Amy', 'Watson', '7063962219', 'parent160@gmail.com', 'Mother'),
(161, 363, 'Robert', 'Sullivan', '6190354343', 'parent161@gmail.com', 'Father'),
(162, 365, 'Russell', 'Valenzuela', '1444898829', 'parent162@gmail.com', 'Father'),
(163, 367, 'Katie', 'Price', '9170122526', 'parent163@gmail.com', 'Mother'),
(164, 369, 'David', 'Figueroa', '6013292937', 'parent164@gmail.com', 'Father'),
(165, 371, 'Angela', 'Taylor', '5740551569', 'parent165@gmail.com', 'Mother'),
(166, 373, 'Leslie', 'Simpson', '3374631979', 'parent166@gmail.com', 'Father'),
(167, 375, 'Larry', 'Walker', '3764608688', 'parent167@gmail.com', 'Father'),
(168, 377, 'Kevin', 'Rose', '8512264525', 'parent168@gmail.com', 'Mother'),
(169, 379, 'Tammy', 'Williams', '8559082485', 'parent169@gmail.com', 'Mother'),
(170, 381, 'Erin', 'Jones', '6898644390', 'parent170@gmail.com', 'Father'),
(171, 383, 'Miguel', 'Smith', '4191935528', 'parent171@gmail.com', 'Mother'),
(172, 385, 'John', 'Flores', '7302378621', 'parent172@gmail.com', 'Mother'),
(173, 387, 'Ryan', 'Reynolds', '7254708602', 'parent173@gmail.com', 'Father'),
(174, 389, 'Sheryl', 'Ferguson', '5330440424', 'parent174@gmail.com', 'Mother'),
(175, 391, 'Amber', 'Martinez', '9789410032', 'parent175@gmail.com', 'Mother'),
(176, 393, 'Andrea', 'Richardson', '7125966577', 'parent176@gmail.com', 'Mother'),
(177, 395, 'David', 'Hudson', '3246738070', 'parent177@gmail.com', 'Father'),
(178, 397, 'Jennifer', 'Rice', '3335612610', 'parent178@gmail.com', 'Mother'),
(179, 399, 'Emily', 'Freeman', '9473720316', 'parent179@gmail.com', 'Mother'),
(180, 401, 'Susan', 'Wiggins', '1107109463', 'parent180@gmail.com', 'Father'),
(181, 403, 'Chris', 'Martinez', '3889464039', 'parent181@gmail.com', 'Mother'),
(182, 405, 'Julie', 'Brown', '1872404002', 'parent182@gmail.com', 'Father'),
(183, 407, 'Thomas', 'Reynolds', '6245155598', 'parent183@gmail.com', 'Mother'),
(184, 409, 'Taylor', 'Day', '6756351684', 'parent184@gmail.com', 'Father'),
(185, 411, 'Travis', 'Cook', '1599097879', 'parent185@gmail.com', 'Father'),
(186, 413, 'Danielle', 'Hill', '9601921887', 'parent186@gmail.com', 'Mother'),
(187, 415, 'Eric', 'Armstrong', '4548136236', 'parent187@gmail.com', 'Mother'),
(188, 417, 'Diana', 'Patton', '9714909670', 'parent188@gmail.com', 'Mother'),
(189, 419, 'Jordan', 'Chavez', '2423631480', 'parent189@gmail.com', 'Mother'),
(190, 421, 'Michael', 'Johnson', '2028742923', 'parent190@gmail.com', 'Father'),
(191, 423, 'Linda', 'Romero', '8919750318', 'parent191@gmail.com', 'Father'),
(192, 425, 'Peter', 'Bradley', '7351940322', 'parent192@gmail.com', 'Mother'),
(193, 427, 'Jose', 'Coleman', '5065124698', 'parent193@gmail.com', 'Father'),
(194, 429, 'Ryan', 'Cooper', '5264528732', 'parent194@gmail.com', 'Father'),
(195, 431, 'Jamie', 'Johnson', '9697004321', 'parent195@gmail.com', 'Father'),
(196, 433, 'Daniel', 'Walker', '4669610818', 'parent196@gmail.com', 'Mother'),
(197, 435, 'Wanda', 'Hampton', '7601686096', 'parent197@gmail.com', 'Father'),
(198, 437, 'Zachary', 'Wallace', '5770382013', 'parent198@gmail.com', 'Mother'),
(199, 439, 'Brianna', 'Mccormick', '2031990915', 'parent199@gmail.com', 'Mother'),
(200, 441, 'Sean', 'Hurst', '4144608645', 'parent200@gmail.com', 'Mother'),
(201, 443, 'Carmen', 'Brooks', '8413669824', 'parent201@gmail.com', 'Mother'),
(202, 445, 'Gary', 'Gonzales', '2622671013', 'parent202@gmail.com', 'Mother'),
(203, 447, 'Karen', 'Thompson', '6839741131', 'parent203@gmail.com', 'Mother'),
(204, 449, 'Jesse', 'Ross', '4933619736', 'parent204@gmail.com', 'Father'),
(205, 451, 'Isabella', 'Gallagher', '8148757938', 'parent205@gmail.com', 'Mother'),
(206, 453, 'Maureen', 'Randall', '3147466373', 'parent206@gmail.com', 'Father'),
(207, 455, 'Evan', 'Griffin', '4406151101', 'parent207@gmail.com', 'Mother'),
(208, 457, 'Benjamin', 'Lewis', '5472787244', 'parent208@gmail.com', 'Mother'),
(209, 459, 'Aaron', 'Davis', '8540093699', 'parent209@gmail.com', 'Father'),
(210, 461, 'John', 'Ruiz', '4429258729', 'parent210@gmail.com', 'Mother'),
(211, 463, 'Anna', 'Hudson', '7516765669', 'parent211@gmail.com', 'Father'),
(212, 465, 'Tiffany', 'Carson', '6256263889', 'parent212@gmail.com', 'Mother'),
(213, 467, 'Jessica', 'Long', '1864310509', 'parent213@gmail.com', 'Mother'),
(214, 469, 'Edwin', 'Flores', '8765256684', 'parent214@gmail.com', 'Mother'),
(215, 471, 'Vincent', 'Ferguson', '9512470268', 'parent215@gmail.com', 'Father'),
(216, 473, 'James', 'Stevens', '2563953317', 'parent216@gmail.com', 'Father'),
(217, 475, 'Curtis', 'Allen', '4753939350', 'parent217@gmail.com', 'Mother'),
(218, 477, 'Jack', 'Sanchez', '1346439333', 'parent218@gmail.com', 'Father'),
(219, 479, 'Meghan', 'Ponce', '3964105058', 'parent219@gmail.com', 'Father'),
(220, 481, 'Michael', 'Marshall', '7942690950', 'parent220@gmail.com', 'Father'),
(221, 483, 'Joshua', 'Solomon', '4379866298', 'parent221@gmail.com', 'Mother'),
(222, 485, 'Melissa', 'West', '6073776205', 'parent222@gmail.com', 'Father'),
(223, 487, 'Yolanda', 'Mccormick', '6303694595', 'parent223@gmail.com', 'Father'),
(224, 489, 'Sandra', 'Steele', '3557944477', 'parent224@gmail.com', 'Father'),
(225, 491, 'Teresa', 'Mathis', '7142548317', 'parent225@gmail.com', 'Father'),
(226, 493, 'Denise', 'Barron', '7860117338', 'parent226@gmail.com', 'Father'),
(227, 495, 'Charles', 'Davis', '8732342404', 'parent227@gmail.com', 'Mother'),
(228, 497, 'Ryan', 'Duarte', '4689018348', 'parent228@gmail.com', 'Father'),
(229, 499, 'Tonya', 'Smith', '8726007457', 'parent229@gmail.com', 'Father'),
(230, 501, 'Heather', 'Brown', '8212109956', 'parent230@gmail.com', 'Mother'),
(231, 503, 'Suzanne', 'Horne', '3089680385', 'parent231@gmail.com', 'Mother'),
(232, 505, 'Steve', 'Mcmahon', '2560497656', 'parent232@gmail.com', 'Mother'),
(233, 507, 'Maria', 'Harris', '9786655330', 'parent233@gmail.com', 'Mother'),
(234, 509, 'Kurt', 'Crawford', '2742000284', 'parent234@gmail.com', 'Mother'),
(235, 511, 'Kevin', 'Martin', '9819074679', 'parent235@gmail.com', 'Father'),
(236, 513, 'Debra', 'King', '7433644360', 'parent236@gmail.com', 'Mother'),
(237, 515, 'Albert', 'Orozco', '5099748078', 'parent237@gmail.com', 'Mother'),
(238, 517, 'Nicole', 'Olson', '1244055132', 'parent238@gmail.com', 'Father'),
(239, 519, 'Tommy', 'Bell', '6706218903', 'parent239@gmail.com', 'Father'),
(240, 521, 'Gabriel', 'Gonzalez', '2441658276', 'parent240@gmail.com', 'Father'),
(241, 523, 'Derrick', 'Cannon', '5098819545', 'parent241@gmail.com', 'Father'),
(242, 525, 'Lori', 'Smith', '9545495213', 'parent242@gmail.com', 'Mother'),
(243, 527, 'Nicholas', 'Adams', '4702352608', 'parent243@gmail.com', 'Mother'),
(244, 529, 'Jennifer', 'Mack', '6867376281', 'parent244@gmail.com', 'Father'),
(245, 531, 'Hector', 'Martin', '5079192926', 'parent245@gmail.com', 'Mother'),
(246, 533, 'Jacob', 'Owens', '6731936744', 'parent246@gmail.com', 'Mother'),
(247, 535, 'Jonathan', 'Foster', '1010283798', 'parent247@gmail.com', 'Father'),
(248, 537, 'Jennifer', 'Smith', '2539637053', 'parent248@gmail.com', 'Mother'),
(249, 539, 'Natalie', 'Joseph', '9976483702', 'parent249@gmail.com', 'Mother'),
(250, 541, 'Lori', 'Koch', '3730158957', 'parent250@gmail.com', 'Mother'),
(251, 543, 'Jacob', 'Phillips', '3615599211', 'parent251@gmail.com', 'Father'),
(252, 545, 'Stephanie', 'Sherman', '2212344917', 'parent252@gmail.com', 'Mother'),
(253, 547, 'William', 'West', '2109009138', 'parent253@gmail.com', 'Father'),
(254, 549, 'Heidi', 'Bennett', '4035558562', 'parent254@gmail.com', 'Mother'),
(255, 551, 'Lindsay', 'Martin', '9350540821', 'parent255@gmail.com', 'Father'),
(256, 553, 'Erica', 'Walton', '4689716081', 'parent256@gmail.com', 'Father'),
(257, 555, 'Debra', 'Ortiz', '9837632008', 'parent257@gmail.com', 'Mother'),
(258, 557, 'Chelsea', 'Williams', '1220946327', 'parent258@gmail.com', 'Father'),
(259, 559, 'Jacqueline', 'Romero', '6305274495', 'parent259@gmail.com', 'Mother'),
(260, 561, 'Michael', 'Mcgee', '2989565248', 'parent260@gmail.com', 'Father'),
(261, 563, 'Ronnie', 'Mccoy', '9270898802', 'parent261@gmail.com', 'Mother'),
(262, 565, 'Samantha', 'Roberts', '6377283355', 'parent262@gmail.com', 'Father'),
(263, 567, 'Gerald', 'Johnson', '2640289025', 'parent263@gmail.com', 'Father'),
(264, 569, 'Andrew', 'Thornton', '1096593989', 'parent264@gmail.com', 'Mother'),
(265, 571, 'Carolyn', 'Colon', '6031169518', 'parent265@gmail.com', 'Father'),
(266, 573, 'Peter', 'Russell', '6226299253', 'parent266@gmail.com', 'Mother'),
(267, 575, 'Alicia', 'Bennett', '3184375965', 'parent267@gmail.com', 'Mother'),
(268, 577, 'Brandi', 'Ryan', '3108418562', 'parent268@gmail.com', 'Mother'),
(269, 579, 'Meghan', 'Brewer', '4177514650', 'parent269@gmail.com', 'Mother'),
(270, 581, 'Erik', 'Carter', '3215039018', 'parent270@gmail.com', 'Father'),
(271, 583, 'Chris', 'Miller', '2433580719', 'parent271@gmail.com', 'Mother'),
(272, 585, 'Kevin', 'Lang', '8142921275', 'parent272@gmail.com', 'Father'),
(273, 587, 'Robert', 'Cruz', '3009825561', 'parent273@gmail.com', 'Father'),
(274, 589, 'Rodney', 'Reid', '2707660187', 'parent274@gmail.com', 'Mother'),
(275, 591, 'Kimberly', 'Johnson', '2378568731', 'parent275@gmail.com', 'Mother'),
(276, 593, 'Mary', 'Macias', '9333082095', 'parent276@gmail.com', 'Mother'),
(277, 595, 'Carol', 'Martinez', '6053631916', 'parent277@gmail.com', 'Father'),
(278, 597, 'Gina', 'Mann', '3080820475', 'parent278@gmail.com', 'Father'),
(279, 599, 'Gina', 'Hodges', '8730089624', 'parent279@gmail.com', 'Mother'),
(280, 601, 'John', 'Hall', '5647204829', 'parent280@gmail.com', 'Mother'),
(281, 603, 'James', 'Phillips', '2444014217', 'parent281@gmail.com', 'Mother'),
(282, 605, 'Austin', 'Silva', '2961627930', 'parent282@gmail.com', 'Father'),
(283, 607, 'Lawrence', 'King', '2937071620', 'parent283@gmail.com', 'Father'),
(284, 609, 'Jesse', 'Rivera', '9111290239', 'parent284@gmail.com', 'Father'),
(285, 611, 'Michael', 'Lee', '6710401506', 'parent285@gmail.com', 'Mother'),
(286, 613, 'Pamela', 'Montes', '2619875434', 'parent286@gmail.com', 'Mother'),
(287, 615, 'Rebecca', 'Lopez', '8441202687', 'parent287@gmail.com', 'Mother'),
(288, 617, 'Mark', 'Higgins', '5624009770', 'parent288@gmail.com', 'Mother'),
(289, 619, 'Rebecca', 'Bridges', '7788891928', 'parent289@gmail.com', 'Mother'),
(290, 621, 'Gregory', 'Malone', '8459736343', 'parent290@gmail.com', 'Mother'),
(291, 623, 'Jessica', 'Holden', '5428224662', 'parent291@gmail.com', 'Mother'),
(292, 625, 'Crystal', 'Reid', '2879128506', 'parent292@gmail.com', 'Mother'),
(293, 627, 'Kenneth', 'Davis', '5005343493', 'parent293@gmail.com', 'Father'),
(294, 629, 'Natalie', 'Mercado', '6449600828', 'parent294@gmail.com', 'Father'),
(295, 631, 'Donna', 'Aguirre', '7397436600', 'parent295@gmail.com', 'Mother'),
(296, 633, 'Hannah', 'Williams', '2662127670', 'parent296@gmail.com', 'Mother'),
(297, 635, 'Nathan', 'Miller', '8557084323', 'parent297@gmail.com', 'Father'),
(298, 637, 'Steven', 'Martin', '8732330452', 'parent298@gmail.com', 'Mother'),
(299, 639, 'Rebecca', 'Aguilar', '1273007765', 'parent299@gmail.com', 'Father'),
(300, 641, 'Timothy', 'Young', '1619418422', 'parent300@gmail.com', 'Father'),
(301, 643, 'Christy', 'Black', '4355146146', 'parent301@gmail.com', 'Mother'),
(302, 645, 'Emily', 'Castillo', '4533645230', 'parent302@gmail.com', 'Mother'),
(303, 647, 'Amanda', 'Neal', '7580556127', 'parent303@gmail.com', 'Father'),
(304, 649, 'Benjamin', 'Norman', '5354274933', 'parent304@gmail.com', 'Father'),
(305, 651, 'Jessica', 'Hunter', '2664852236', 'parent305@gmail.com', 'Father'),
(306, 653, 'John', 'Freeman', '3966007574', 'parent306@gmail.com', 'Mother'),
(307, 655, 'Frank', 'Diaz', '4307782815', 'parent307@gmail.com', 'Father'),
(308, 657, 'Jessica', 'Baker', '9467992702', 'parent308@gmail.com', 'Mother'),
(309, 659, 'Katherine', 'Krause', '2696115084', 'parent309@gmail.com', 'Father'),
(310, 661, 'Gloria', 'Smith', '8679213738', 'parent310@gmail.com', 'Mother'),
(311, 663, 'Kenneth', 'Allen', '2139328002', 'parent311@gmail.com', 'Mother'),
(312, 665, 'Courtney', 'Smith', '5780061354', 'parent312@gmail.com', 'Father'),
(313, 667, 'Patrick', 'Smith', '1220179656', 'parent313@gmail.com', 'Father'),
(314, 669, 'Kevin', 'Schneider', '2657021219', 'parent314@gmail.com', 'Mother'),
(315, 671, 'Linda', 'Mclean', '4382264684', 'parent315@gmail.com', 'Father'),
(316, 673, 'Courtney', 'Smith', '3582632676', 'parent316@gmail.com', 'Father'),
(317, 675, 'Cheryl', 'Bennett', '5513921439', 'parent317@gmail.com', 'Mother'),
(318, 677, 'Brian', 'Green', '2442956098', 'parent318@gmail.com', 'Father'),
(319, 679, 'Kevin', 'Robinson', '3147535670', 'parent319@gmail.com', 'Mother'),
(320, 681, 'Andrea', 'Morales', '6245481540', 'parent320@gmail.com', 'Father'),
(321, 683, 'Timothy', 'Calderon', '8064669790', 'parent321@gmail.com', 'Mother'),
(322, 685, 'Daniel', 'Terry', '5362404791', 'parent322@gmail.com', 'Father'),
(323, 687, 'Michelle', 'Mullins', '3472639430', 'parent323@gmail.com', 'Father'),
(324, 689, 'Adam', 'Gonzalez', '5983576308', 'parent324@gmail.com', 'Mother'),
(325, 691, 'John', 'Hughes', '9316735970', 'parent325@gmail.com', 'Mother'),
(326, 693, 'Trevor', 'Sims', '1495573064', 'parent326@gmail.com', 'Father'),
(327, 695, 'Stephanie', 'Bruce', '2731264335', 'parent327@gmail.com', 'Mother'),
(328, 697, 'Gordon', 'Russell', '5339396711', 'parent328@gmail.com', 'Mother'),
(329, 699, 'Jose', 'Johnson', '8030469725', 'parent329@gmail.com', 'Mother'),
(330, 701, 'Joseph', 'Taylor', '6228639628', 'parent330@gmail.com', 'Mother'),
(331, 703, 'Catherine', 'Ross', '9353678568', 'parent331@gmail.com', 'Mother'),
(332, 705, 'Meagan', 'Smith', '8502950656', 'parent332@gmail.com', 'Father'),
(333, 707, 'Kevin', 'Lambert', '2073184408', 'parent333@gmail.com', 'Father'),
(334, 709, 'David', 'Moore', '4423306212', 'parent334@gmail.com', 'Father'),
(335, 711, 'Robert', 'Hawkins', '4627225696', 'parent335@gmail.com', 'Father'),
(336, 713, 'Linda', 'Hill', '2401997986', 'parent336@gmail.com', 'Mother'),
(337, 715, 'Maria', 'Erickson', '1486997736', 'parent337@gmail.com', 'Mother'),
(338, 717, 'Debra', 'Berg', '5480685061', 'parent338@gmail.com', 'Mother'),
(339, 719, 'Mark', 'Hernandez', '7312635810', 'parent339@gmail.com', 'Mother'),
(340, 721, 'Brandon', 'Jackson', '3767126193', 'parent340@gmail.com', 'Father'),
(341, 723, 'Roberta', 'Salas', '9555753245', 'parent341@gmail.com', 'Mother'),
(342, 725, 'Michael', 'Armstrong', '9850204032', 'parent342@gmail.com', 'Father'),
(343, 727, 'Edward', 'Morse', '8261784778', 'parent343@gmail.com', 'Father'),
(344, 729, 'Megan', 'Lane', '2135673239', 'parent344@gmail.com', 'Mother'),
(345, 731, 'Susan', 'Robinson', '2953331813', 'parent345@gmail.com', 'Father'),
(346, 733, 'Ruth', 'Ramirez', '8226441819', 'parent346@gmail.com', 'Father'),
(347, 735, 'Christina', 'Hawkins', '1881576616', 'parent347@gmail.com', 'Father'),
(348, 737, 'Tracy', 'Meyers', '1179640232', 'parent348@gmail.com', 'Mother'),
(349, 739, 'Julia', 'Wood', '7022465947', 'parent349@gmail.com', 'Mother'),
(350, 741, 'Carl', 'Hanna', '1132300653', 'parent350@gmail.com', 'Mother'),
(351, 743, 'Angela', 'Cox', '8379664039', 'parent351@gmail.com', 'Father'),
(352, 745, 'Linda', 'Shelton', '2553617771', 'parent352@gmail.com', 'Mother'),
(353, 747, 'Brian', 'Hernandez', '4599533675', 'parent353@gmail.com', 'Mother'),
(354, 749, 'Amanda', 'Miller', '6927325037', 'parent354@gmail.com', 'Father'),
(355, 751, 'Sarah', 'Smith', '3168509269', 'parent355@gmail.com', 'Father'),
(356, 753, 'Wanda', 'Wilson', '9203594964', 'parent356@gmail.com', 'Father'),
(357, 755, 'Kimberly', 'Sherman', '7864987560', 'parent357@gmail.com', 'Mother'),
(358, 757, 'Mitchell', 'Gutierrez', '9904995672', 'parent358@gmail.com', 'Father'),
(359, 759, 'Brian', 'Harrison', '7864562084', 'parent359@gmail.com', 'Father'),
(360, 761, 'Lauren', 'Thompson', '6449581293', 'parent360@gmail.com', 'Father'),
(361, 763, 'Catherine', 'Williams', '9335874194', 'parent361@gmail.com', 'Father'),
(362, 765, 'Phillip', 'Boyer', '2968826621', 'parent362@gmail.com', 'Father'),
(363, 767, 'Christine', 'Smith', '9755741537', 'parent363@gmail.com', 'Mother'),
(364, 769, 'Paul', 'Todd', '1955137782', 'parent364@gmail.com', 'Father'),
(365, 771, 'Ryan', 'Soto', '2457023464', 'parent365@gmail.com', 'Father'),
(366, 773, 'Leah', 'Martin', '2782096145', 'parent366@gmail.com', 'Father'),
(367, 775, 'Elizabeth', 'Bradshaw', '8010950752', 'parent367@gmail.com', 'Mother'),
(368, 777, 'Shannon', 'Leonard', '8711663933', 'parent368@gmail.com', 'Father'),
(369, 779, 'Travis', 'Jensen', '3422814504', 'parent369@gmail.com', 'Father'),
(370, 781, 'Katherine', 'Jones', '9765053682', 'parent370@gmail.com', 'Mother'),
(371, 783, 'Melissa', 'Foster', '8255795067', 'parent371@gmail.com', 'Father'),
(372, 785, 'Melissa', 'Snow', '5003744298', 'parent372@gmail.com', 'Father'),
(373, 787, 'April', 'Foster', '4740660837', 'parent373@gmail.com', 'Mother'),
(374, 789, 'Jennifer', 'Richard', '8064983010', 'parent374@gmail.com', 'Mother'),
(375, 791, 'Jeffrey', 'Rogers', '6654114405', 'parent375@gmail.com', 'Father'),
(376, 793, 'Colleen', 'Henderson', '6450021556', 'parent376@gmail.com', 'Mother'),
(377, 795, 'Caroline', 'Mcbride', '8884717315', 'parent377@gmail.com', 'Mother'),
(378, 797, 'Kevin', 'Moody', '8057715509', 'parent378@gmail.com', 'Mother'),
(379, 799, 'Amber', 'Simon', '1663753903', 'parent379@gmail.com', 'Mother'),
(380, 801, 'Dylan', 'Merritt', '4218053491', 'parent380@gmail.com', 'Father'),
(381, 803, 'Rachael', 'Williams', '4791789466', 'parent381@gmail.com', 'Mother'),
(382, 805, 'Patrick', 'Parrish', '4482702364', 'parent382@gmail.com', 'Father'),
(383, 807, 'Joshua', 'Liu', '7340346498', 'parent383@gmail.com', 'Mother'),
(384, 809, 'Gregory', 'Church', '2508798723', 'parent384@gmail.com', 'Mother'),
(385, 811, 'Mary', 'Chang', '5847554905', 'parent385@gmail.com', 'Mother'),
(386, 813, 'Caroline', 'Savage', '5772867416', 'parent386@gmail.com', 'Father'),
(387, 815, 'Andrea', 'Torres', '6063437163', 'parent387@gmail.com', 'Mother'),
(388, 817, 'Amanda', 'Velasquez', '7214462188', 'parent388@gmail.com', 'Father'),
(389, 819, 'Christopher', 'Grant', '7831910314', 'parent389@gmail.com', 'Mother'),
(390, 821, 'Jerry', 'Cohen', '9734055392', 'parent390@gmail.com', 'Mother'),
(391, 823, 'John', 'Ware', '3013497619', 'parent391@gmail.com', 'Mother'),
(392, 825, 'Diane', 'Estes', '1369348743', 'parent392@gmail.com', 'Father'),
(393, 827, 'Carrie', 'Allison', '7297161151', 'parent393@gmail.com', 'Father'),
(394, 829, 'Ivan', 'Snyder', '5069930296', 'parent394@gmail.com', 'Mother'),
(395, 831, 'Kyle', 'Singh', '7238270185', 'parent395@gmail.com', 'Mother'),
(396, 833, 'Joshua', 'Hanson', '9550559472', 'parent396@gmail.com', 'Mother'),
(397, 835, 'Laura', 'Stevens', '9472201907', 'parent397@gmail.com', 'Father'),
(398, 837, 'Bailey', 'Kelley', '7339199058', 'parent398@gmail.com', 'Father'),
(399, 839, 'Priscilla', 'Goodman', '5846042318', 'parent399@gmail.com', 'Father'),
(400, 841, 'Jacob', 'Barnes', '5814448323', 'parent400@gmail.com', 'Mother'),
(401, 843, 'Amanda', 'Brooks', '8129757221', 'parent401@gmail.com', 'Father'),
(402, 845, 'Ryan', 'Campos', '3951367781', 'parent402@gmail.com', 'Father'),
(403, 847, 'Marissa', 'Morris', '1854202376', 'parent403@gmail.com', 'Mother'),
(404, 849, 'Roger', 'Lane', '7088599818', 'parent404@gmail.com', 'Mother'),
(405, 851, 'Christopher', 'Conner', '4700624806', 'parent405@gmail.com', 'Father'),
(406, 853, 'Tina', 'Robinson', '7530910130', 'parent406@gmail.com', 'Mother'),
(407, 855, 'Mark', 'Stevens', '3820278088', 'parent407@gmail.com', 'Mother'),
(408, 857, 'Jordan', 'Hill', '5883847361', 'parent408@gmail.com', 'Father'),
(409, 859, 'Mark', 'Pena', '5404840635', 'parent409@gmail.com', 'Father'),
(410, 861, 'Danielle', 'Miller', '4148470072', 'parent410@gmail.com', 'Mother'),
(411, 863, 'Richard', 'Grant', '8033867957', 'parent411@gmail.com', 'Father'),
(412, 865, 'Thomas', 'Stewart', '2945114255', 'parent412@gmail.com', 'Father'),
(413, 867, 'Jennifer', 'Johnson', '3675465142', 'parent413@gmail.com', 'Father'),
(414, 869, 'Cassandra', 'Jordan', '1471409324', 'parent414@gmail.com', 'Father'),
(415, 871, 'David', 'Flores', '3038270074', 'parent415@gmail.com', 'Father'),
(416, 873, 'Melinda', 'Tate', '7870164837', 'parent416@gmail.com', 'Mother'),
(417, 875, 'Michael', 'Lee', '5001437415', 'parent417@gmail.com', 'Mother'),
(418, 877, 'Philip', 'Cooper', '4932214690', 'parent418@gmail.com', 'Mother'),
(419, 879, 'Carlos', 'Shelton', '3982362148', 'parent419@gmail.com', 'Father'),
(420, 881, 'Lisa', 'Rodriguez', '4337577420', 'parent420@gmail.com', 'Father'),
(421, 883, 'Sandra', 'Shaw', '3877717685', 'parent421@gmail.com', 'Mother'),
(422, 885, 'Daniel', 'Green', '4486778681', 'parent422@gmail.com', 'Mother'),
(423, 887, 'Ryan', 'Scott', '5020817350', 'parent423@gmail.com', 'Mother'),
(424, 889, 'Billy', 'Anderson', '4439937344', 'parent424@gmail.com', 'Mother'),
(425, 891, 'Steven', 'Buchanan', '1519766377', 'parent425@gmail.com', 'Mother'),
(426, 893, 'Troy', 'Richardson', '1950395832', 'parent426@gmail.com', 'Father'),
(427, 895, 'Jessica', 'Frye', '8735602097', 'parent427@gmail.com', 'Mother'),
(428, 897, 'Shannon', 'Murphy', '5238200683', 'parent428@gmail.com', 'Mother'),
(429, 899, 'Tina', 'Perry', '5002262348', 'parent429@gmail.com', 'Father'),
(430, 901, 'Monica', 'Hall', '4443055844', 'parent430@gmail.com', 'Mother'),
(431, 903, 'Jennifer', 'Roberson', '3384551989', 'parent431@gmail.com', 'Father'),
(432, 905, 'Audrey', 'Miller', '7400123875', 'parent432@gmail.com', 'Father'),
(433, 907, 'Katrina', 'Hicks', '5597599048', 'parent433@gmail.com', 'Mother'),
(434, 909, 'Dominique', 'Perkins', '8459692602', 'parent434@gmail.com', 'Father'),
(435, 911, 'Daniel', 'Lopez', '5141483136', 'parent435@gmail.com', 'Mother'),
(436, 913, 'Sue', 'Sims', '2560255742', 'parent436@gmail.com', 'Mother'),
(437, 915, 'Nicholas', 'May', '8353625899', 'parent437@gmail.com', 'Father'),
(438, 917, 'Edward', 'Yates', '4415258404', 'parent438@gmail.com', 'Mother'),
(439, 919, 'Ryan', 'Cook', '2282564865', 'parent439@gmail.com', 'Father'),
(440, 921, 'Joel', 'Ortega', '4262896567', 'parent440@gmail.com', 'Mother'),
(441, 923, 'Dylan', 'Bowen', '6126374740', 'parent441@gmail.com', 'Father'),
(442, 925, 'Jennifer', 'Potter', '7699411047', 'parent442@gmail.com', 'Mother'),
(443, 927, 'James', 'Wright', '1026841524', 'parent443@gmail.com', 'Mother'),
(444, 929, 'Paula', 'Holmes', '4877577449', 'parent444@gmail.com', 'Mother'),
(445, 931, 'Julie', 'Barron', '5197636399', 'parent445@gmail.com', 'Father'),
(446, 933, 'Ashley', 'Michael', '1334377292', 'parent446@gmail.com', 'Father'),
(447, 935, 'Ralph', 'Sherman', '6871437800', 'parent447@gmail.com', 'Father'),
(448, 937, 'James', 'Vazquez', '7468414650', 'parent448@gmail.com', 'Mother'),
(449, 939, 'William', 'Jensen', '5625277016', 'parent449@gmail.com', 'Mother'),
(450, 941, 'Deborah', 'Garcia', '8436688185', 'parent450@gmail.com', 'Mother'),
(451, 943, 'Carla', 'Bell', '4151835876', 'parent451@gmail.com', 'Mother'),
(452, 945, 'Gabrielle', 'Morales', '2211426060', 'parent452@gmail.com', 'Mother'),
(453, 947, 'Kayla', 'Chen', '9724928098', 'parent453@gmail.com', 'Mother'),
(454, 949, 'Diane', 'Davis', '1013418350', 'parent454@gmail.com', 'Father'),
(455, 951, 'Michelle', 'Ashley', '6753597716', 'parent455@gmail.com', 'Father'),
(456, 953, 'Danielle', 'James', '7504025424', 'parent456@gmail.com', 'Mother'),
(457, 955, 'Heather', 'Nelson', '2493547240', 'parent457@gmail.com', 'Father'),
(458, 957, 'Christine', 'Jackson', '8907789150', 'parent458@gmail.com', 'Mother'),
(459, 959, 'Jennifer', 'Morris', '6176972372', 'parent459@gmail.com', 'Mother'),
(460, 961, 'Alexa', 'Phillips', '5497443756', 'parent460@gmail.com', 'Father'),
(461, 963, 'Bethany', 'Heath', '3513074295', 'parent461@gmail.com', 'Mother'),
(462, 965, 'Alexander', 'Harper', '3393577109', 'parent462@gmail.com', 'Father'),
(463, 967, 'Austin', 'Robbins', '9492647189', 'parent463@gmail.com', 'Mother'),
(464, 969, 'Christopher', 'Edwards', '9834152785', 'parent464@gmail.com', 'Father'),
(465, 971, 'Andrew', 'Johnson', '3713004809', 'parent465@gmail.com', 'Mother'),
(466, 973, 'Mitchell', 'Dawson', '8470990371', 'parent466@gmail.com', 'Mother'),
(467, 975, 'Briana', 'Hunter', '8725446158', 'parent467@gmail.com', 'Mother'),
(468, 977, 'Brandy', 'Mccarty', '6472845978', 'parent468@gmail.com', 'Father'),
(469, 979, 'Allison', 'Santos', '6955451850', 'parent469@gmail.com', 'Mother'),
(470, 981, 'Carol', 'Sanchez', '3918728458', 'parent470@gmail.com', 'Father'),
(471, 983, 'Joshua', 'Vargas', '4060759634', 'parent471@gmail.com', 'Father'),
(472, 985, 'Edward', 'Foster', '8970488617', 'parent472@gmail.com', 'Mother'),
(473, 987, 'Gina', 'Rich', '6644832705', 'parent473@gmail.com', 'Mother'),
(474, 989, 'Regina', 'Bryant', '7958768064', 'parent474@gmail.com', 'Father'),
(475, 991, 'Whitney', 'Kramer', '4657525250', 'parent475@gmail.com', 'Father'),
(476, 993, 'Ashley', 'Sanchez', '2220652632', 'parent476@gmail.com', 'Mother'),
(477, 995, 'Michele', 'Herring', '4681972420', 'parent477@gmail.com', 'Mother'),
(478, 997, 'Eric', 'Taylor', '3980363164', 'parent478@gmail.com', 'Mother'),
(479, 999, 'Sherry', 'Roberts', '7244983242', 'parent479@gmail.com', 'Father'),
(480, 1001, 'Carolyn', 'Taylor', '4576823044', 'parent480@gmail.com', 'Mother'),
(481, 1003, 'James', 'Lewis', '2674797660', 'parent481@gmail.com', 'Mother'),
(482, 1005, 'Tyler', 'Perez', '9247508459', 'parent482@gmail.com', 'Mother'),
(483, 1007, 'Erik', 'Green', '7891353285', 'parent483@gmail.com', 'Mother'),
(484, 1009, 'Laura', 'Martinez', '6513623427', 'parent484@gmail.com', 'Father'),
(485, 1011, 'Kevin', 'Woods', '8842276437', 'parent485@gmail.com', 'Mother'),
(486, 1013, 'Paul', 'Grant', '3653470576', 'parent486@gmail.com', 'Father'),
(487, 1015, 'Sean', 'Nguyen', '4657003048', 'parent487@gmail.com', 'Father'),
(488, 1017, 'Summer', 'Howell', '4730470036', 'parent488@gmail.com', 'Mother'),
(489, 1019, 'Kenneth', 'Williams', '6900617369', 'parent489@gmail.com', 'Mother'),
(490, 1021, 'Thomas', 'Marquez', '9326217440', 'parent490@gmail.com', 'Mother'),
(491, 1023, 'Jennifer', 'Martin', '5215051462', 'parent491@gmail.com', 'Father'),
(492, 1025, 'Misty', 'Terry', '5883345850', 'parent492@gmail.com', 'Father'),
(493, 1027, 'Dana', 'Escobar', '1773683974', 'parent493@gmail.com', 'Father'),
(494, 1029, 'Alyssa', 'Henry', '7641336798', 'parent494@gmail.com', 'Father'),
(495, 1031, 'Isabella', 'White', '3073407505', 'parent495@gmail.com', 'Mother'),
(496, 1033, 'Blake', 'Johnson', '6496368905', 'parent496@gmail.com', 'Mother'),
(497, 1035, 'Charles', 'Foster', '1498049143', 'parent497@gmail.com', 'Father'),
(498, 1037, 'Hayden', 'Brown', '4626747398', 'parent498@gmail.com', 'Mother'),
(499, 1039, 'Krystal', 'Phillips', '4010965624', 'parent499@gmail.com', 'Father'),
(500, 1041, 'Patrick', 'Jordan', '8244367117', 'parent500@gmail.com', 'Father');

INSERT INTO parent_student (parent_id, student_id) VALUES
(1, 1),
(2, 2),
(3, 3),
(4, 4),
(5, 5),
(6, 6),
(7, 7),
(8, 8),
(9, 9),
(10, 10),
(11, 11),
(12, 12),
(13, 13),
(14, 14),
(15, 15),
(16, 16),
(17, 17),
(18, 18),
(19, 19),
(20, 20),
(21, 21),
(22, 22),
(23, 23),
(24, 24),
(25, 25),
(26, 26),
(27, 27),
(28, 28),
(29, 29),
(30, 30),
(31, 31),
(32, 32),
(33, 33),
(34, 34),
(35, 35),
(36, 36),
(37, 37),
(38, 38),
(39, 39),
(40, 40),
(41, 41),
(42, 42),
(43, 43),
(44, 44),
(45, 45),
(46, 46),
(47, 47),
(48, 48),
(49, 49),
(50, 50),
(51, 51),
(52, 52),
(53, 53),
(54, 54),
(55, 55),
(56, 56),
(57, 57),
(58, 58),
(59, 59),
(60, 60),
(61, 61),
(62, 62),
(63, 63),
(64, 64),
(65, 65),
(66, 66),
(67, 67),
(68, 68),
(69, 69),
(70, 70),
(71, 71),
(72, 72),
(73, 73),
(74, 74),
(75, 75),
(76, 76),
(77, 77),
(78, 78),
(79, 79),
(80, 80),
(81, 81),
(82, 82),
(83, 83),
(84, 84),
(85, 85),
(86, 86),
(87, 87),
(88, 88),
(89, 89),
(90, 90),
(91, 91),
(92, 92),
(93, 93),
(94, 94),
(95, 95),
(96, 96),
(97, 97),
(98, 98),
(99, 99),
(100, 100),
(101, 101),
(102, 102),
(103, 103),
(104, 104),
(105, 105),
(106, 106),
(107, 107),
(108, 108),
(109, 109),
(110, 110),
(111, 111),
(112, 112),
(113, 113),
(114, 114),
(115, 115),
(116, 116),
(117, 117),
(118, 118),
(119, 119),
(120, 120),
(121, 121),
(122, 122),
(123, 123),
(124, 124),
(125, 125),
(126, 126),
(127, 127),
(128, 128),
(129, 129),
(130, 130),
(131, 131),
(132, 132),
(133, 133),
(134, 134),
(135, 135),
(136, 136),
(137, 137),
(138, 138),
(139, 139),
(140, 140),
(141, 141),
(142, 142),
(143, 143),
(144, 144),
(145, 145),
(146, 146),
(147, 147),
(148, 148),
(149, 149),
(150, 150),
(151, 151),
(152, 152),
(153, 153),
(154, 154),
(155, 155),
(156, 156),
(157, 157),
(158, 158),
(159, 159),
(160, 160),
(161, 161),
(162, 162),
(163, 163),
(164, 164),
(165, 165),
(166, 166),
(167, 167),
(168, 168),
(169, 169),
(170, 170),
(171, 171),
(172, 172),
(173, 173),
(174, 174),
(175, 175),
(176, 176),
(177, 177),
(178, 178),
(179, 179),
(180, 180),
(181, 181),
(182, 182),
(183, 183),
(184, 184),
(185, 185),
(186, 186),
(187, 187),
(188, 188),
(189, 189),
(190, 190),
(191, 191),
(192, 192),
(193, 193),
(194, 194),
(195, 195),
(196, 196),
(197, 197),
(198, 198),
(199, 199),
(200, 200),
(201, 201),
(202, 202),
(203, 203),
(204, 204),
(205, 205),
(206, 206),
(207, 207),
(208, 208),
(209, 209),
(210, 210),
(211, 211),
(212, 212),
(213, 213),
(214, 214),
(215, 215),
(216, 216),
(217, 217),
(218, 218),
(219, 219),
(220, 220),
(221, 221),
(222, 222),
(223, 223),
(224, 224),
(225, 225),
(226, 226),
(227, 227),
(228, 228),
(229, 229),
(230, 230),
(231, 231),
(232, 232),
(233, 233),
(234, 234),
(235, 235),
(236, 236),
(237, 237),
(238, 238),
(239, 239),
(240, 240),
(241, 241),
(242, 242),
(243, 243),
(244, 244),
(245, 245),
(246, 246),
(247, 247),
(248, 248),
(249, 249),
(250, 250),
(251, 251),
(252, 252),
(253, 253),
(254, 254),
(255, 255),
(256, 256),
(257, 257),
(258, 258),
(259, 259),
(260, 260),
(261, 261),
(262, 262),
(263, 263),
(264, 264),
(265, 265),
(266, 266),
(267, 267),
(268, 268),
(269, 269),
(270, 270),
(271, 271),
(272, 272),
(273, 273),
(274, 274),
(275, 275),
(276, 276),
(277, 277),
(278, 278),
(279, 279),
(280, 280),
(281, 281),
(282, 282),
(283, 283),
(284, 284),
(285, 285),
(286, 286),
(287, 287),
(288, 288),
(289, 289),
(290, 290),
(291, 291),
(292, 292),
(293, 293),
(294, 294),
(295, 295),
(296, 296),
(297, 297),
(298, 298),
(299, 299),
(300, 300),
(301, 301),
(302, 302),
(303, 303),
(304, 304),
(305, 305),
(306, 306),
(307, 307),
(308, 308),
(309, 309),
(310, 310),
(311, 311),
(312, 312),
(313, 313),
(314, 314),
(315, 315),
(316, 316),
(317, 317),
(318, 318),
(319, 319),
(320, 320),
(321, 321),
(322, 322),
(323, 323),
(324, 324),
(325, 325),
(326, 326),
(327, 327),
(328, 328),
(329, 329),
(330, 330),
(331, 331),
(332, 332),
(333, 333),
(334, 334),
(335, 335),
(336, 336),
(337, 337),
(338, 338),
(339, 339),
(340, 340),
(341, 341),
(342, 342),
(343, 343),
(344, 344),
(345, 345),
(346, 346),
(347, 347),
(348, 348),
(349, 349),
(350, 350),
(351, 351),
(352, 352),
(353, 353),
(354, 354),
(355, 355),
(356, 356),
(357, 357),
(358, 358),
(359, 359),
(360, 360),
(361, 361),
(362, 362),
(363, 363),
(364, 364),
(365, 365),
(366, 366),
(367, 367),
(368, 368),
(369, 369),
(370, 370),
(371, 371),
(372, 372),
(373, 373),
(374, 374),
(375, 375),
(376, 376),
(377, 377),
(378, 378),
(379, 379),
(380, 380),
(381, 381),
(382, 382),
(383, 383),
(384, 384),
(385, 385),
(386, 386),
(387, 387),
(388, 388),
(389, 389),
(390, 390),
(391, 391),
(392, 392),
(393, 393),
(394, 394),
(395, 395),
(396, 396),
(397, 397),
(398, 398),
(399, 399),
(400, 400),
(401, 401),
(402, 402),
(403, 403),
(404, 404),
(405, 405),
(406, 406),
(407, 407),
(408, 408),
(409, 409),
(410, 410),
(411, 411),
(412, 412),
(413, 413),
(414, 414),
(415, 415),
(416, 416),
(417, 417),
(418, 418),
(419, 419),
(420, 420),
(421, 421),
(422, 422),
(423, 423),
(424, 424),
(425, 425),
(426, 426),
(427, 427),
(428, 428),
(429, 429),
(430, 430),
(431, 431),
(432, 432),
(433, 433),
(434, 434),
(435, 435),
(436, 436),
(437, 437),
(438, 438),
(439, 439),
(440, 440),
(441, 441),
(442, 442),
(443, 443),
(444, 444),
(445, 445),
(446, 446),
(447, 447),
(448, 448),
(449, 449),
(450, 450),
(451, 451),
(452, 452),
(453, 453),
(454, 454),
(455, 455),
(456, 456),
(457, 457),
(458, 458),
(459, 459),
(460, 460),
(461, 461),
(462, 462),
(463, 463),
(464, 464),
(465, 465),
(466, 466),
(467, 467),
(468, 468),
(469, 469),
(470, 470),
(471, 471),
(472, 472),
(473, 473),
(474, 474),
(475, 475),
(476, 476),
(477, 477),
(478, 478),
(479, 479),
(480, 480),
(481, 481),
(482, 482),
(483, 483),
(484, 484),
(485, 485),
(486, 486),
(487, 487),
(488, 488),
(489, 489),
(490, 490),
(491, 491),
(492, 492),
(493, 493),
(494, 494),
(495, 495),
(496, 496),
(497, 497),
(498, 498),
(499, 499),
(500, 500);

